Season,isOverSnow_sc_26_1,isOverSnow_sc_26_2,isOverSnow_sc_26_3,isOverSnow_sc_26_4,isOverSnow_sc_26_5,isOverSnow_sc_26_6,isOverSnow_sc_26_7,isOverSnow_sc_26_8,isOverSnow_sc_26_9,isOverSnow_sc_26_10,isOverSnow_sc_26_11,isOverSnow_sc_26_12,isOverSnow_sc_45_1,isOverSnow_sc_45_2,isOverSnow_sc_45_3,isOverSnow_sc_45_4,isOverSnow_sc_45_5,isOverSnow_sc_45_6,isOverSnow_sc_45_7,isOverSnow_sc_45_8,isOverSnow_sc_45_9,isOverSnow_sc_45_10,isOverSnow_sc_45_11,isOverSnow_sc_45_12,isOverSnow_sc_45_13,isOverSnow_sc_45_14,isOverSnow_sc_45_15,isOverSnow_sc_45_16,isOverSnow_sc_45_17,isOverSnow_sc_45_18,isOverSnow_sc_45_19,isOverSnow_sc_45_20,isOverSnow_sc_45_21,isOverSnow_sc_45_22,isOverSnow_sc_45_23,isOverSnow_sc_45_24,isOverSnow_sc_45_25,isOverSnow_sc_85_1,isOverSnow_sc_85_2,isOverSnow_sc_85_3,isOverSnow_sc_85_4,isOverSnow_sc_85_5,isOverSnow_sc_85_6,isOverSnow_sc_85_7,isOverSnow_sc_85_8,isOverSnow_sc_85_9,isOverSnow_sc_85_10,isOverSnow_sc_85_11,isOverSnow_sc_85_12,isOverSnow_sc_85_13,isOverSnow_sc_85_14,isOverSnow_sc_85_15,isOverSnow_sc_85_16,isOverSnow_sc_85_17,isOverSnow_sc_85_18,isOverSnow_sc_85_19,isOverSnow_sc_85_20,isOverSnow_sc_85_21,isOverSnow_sc_85_22,isOverSnow_sc_85_23,isOverSnow_sc_85_24,isOverSnow_sc_85_25,isOverSnow_sc_85_26,isOverSnow_sc_85_27,isOverSnow_sc_85_28,isOverSnow_sc_85_29,isOverSnow_sc_85_30,isOverSnow_sc_85_31
1981-1982,76.0,0.0,38.0,31.0,73.0,82.0,39.0,69.0,0.0,79.0,77.0,77.0,19.0,70.0,111.0,59.0,24.0,17.0,110.0,109.0,59.0,8.0,73.0,44.0,3.0,78.0,0.0,63.0,77.0,65.0,63.0,25.0,113.0,38.0,45.0,95.0,13.0,11.0,66.0,76.0,19.0,126.0,39.0,65.0,58.0,129.0,32.0,55.0,80.0,99.0,14.0,47.0,29.0,0.0,64.0,74.0,27.0,17.0,73.0,0.0,0.0,82.0,136.0,39.0,14.0,40.0,87.0,74.0
1982-1983,0.0,130.0,86.0,123.0,140.0,63.0,148.0,110.0,133.0,42.0,6.0,86.0,0.0,100.0,31.0,127.0,145.0,135.0,103.0,88.0,116.0,160.0,73.0,47.0,0.0,66.0,58.0,55.0,47.0,79.0,150.0,79.0,120.0,77.0,147.0,0.0,127.0,72.0,154.0,127.0,135.0,115.0,24.0,78.0,128.0,75.0,69.0,131.0,44.0,116.0,109.0,0.0,125.0,136.0,132.0,94.0,135.0,41.0,124.0,135.0,77.0,88.0,41.0,78.0,13.0,94.0,4.0,0.0
1983-1984,38.0,117.0,104.0,148.0,145.0,148.0,120.0,39.0,103.0,0.0,140.0,52.0,78.0,145.0,138.0,19.0,136.0,92.0,123.0,105.0,69.0,55.0,102.0,92.0,102.0,41.0,80.0,77.0,135.0,49.0,107.0,66.0,71.0,130.0,106.0,0.0,107.0,137.0,70.0,101.0,138.0,29.0,93.0,134.0,69.0,83.0,74.0,74.0,60.0,28.0,101.0,0.0,49.0,146.0,139.0,0.0,120.0,105.0,63.0,81.0,92.0,103.0,94.0,46.0,93.0,0.0,145.0,69.0
1984-1985,101.0,124.0,70.0,119.0,2.0,23.0,109.0,92.0,70.0,82.0,69.0,49.0,43.0,92.0,44.0,30.0,60.0,78.0,91.0,101.0,29.0,99.0,121.0,65.0,71.0,93.0,39.0,33.0,103.0,107.0,143.0,0.0,61.0,80.0,98.0,70.0,62.0,75.0,62.0,62.0,55.0,113.0,92.0,36.0,80.0,142.0,109.0,107.0,25.0,70.0,70.0,60.0,88.0,105.0,14.0,101.0,79.0,44.0,61.0,45.0,23.0,71.0,107.0,119.0,0.0,102.0,143.0,4.0
1985-1986,0.0,0.0,62.0,39.0,0.0,47.0,34.0,66.0,64.0,113.0,7.0,64.0,80.0,54.0,40.0,37.0,0.0,63.0,0.0,0.0,36.0,86.0,0.0,94.0,54.0,26.0,60.0,75.0,7.0,43.0,0.0,45.0,34.0,65.0,55.0,24.0,0.0,79.0,0.0,36.0,55.0,41.0,0.0,0.0,0.0,33.0,0.0,15.0,9.0,84.0,79.0,64.0,45.0,64.0,0.0,88.0,61.0,0.0,34.0,94.0,69.0,0.0,8.0,94.0,52.0,39.0,45.0,23.0
1986-1987,0.0,7.0,74.0,29.0,22.0,43.0,42.0,43.0,8.0,0.0,22.0,13.0,46.0,0.0,75.0,9.0,21.0,117.0,75.0,0.0,31.0,20.0,14.0,74.0,85.0,0.0,43.0,0.0,7.0,83.0,18.0,30.0,21.0,38.0,50.0,17.0,0.0,104.0,17.0,0.0,58.0,102.0,22.0,56.0,18.0,104.0,75.0,0.0,92.0,11.0,14.0,37.0,20.0,14.0,12.0,52.0,7.0,39.0,9.0,17.0,3.0,31.0,31.0,15.0,19.0,5.0,18.0,63.0
1987-1988,72.0,24.0,85.0,22.0,65.0,87.0,75.0,111.0,95.0,51.0,14.0,64.0,52.0,29.0,0.0,2.0,35.0,73.0,110.0,59.0,93.0,0.0,51.0,0.0,70.0,52.0,45.0,118.0,0.0,21.0,80.0,86.0,82.0,87.0,74.0,67.0,12.0,50.0,92.0,33.0,69.0,47.0,71.0,0.0,0.0,87.0,102.0,70.0,8.0,83.0,85.0,24.0,64.0,122.0,109.0,64.0,21.0,18.0,86.0,57.0,34.0,56.0,0.0,33.0,81.0,0.0,82.0,94.0
1988-1989,48.0,8.0,43.0,29.0,81.0,9.0,58.0,28.0,0.0,35.0,0.0,2.0,52.0,8.0,97.0,12.0,36.0,35.0,44.0,80.0,59.0,16.0,0.0,55.0,40.0,24.0,0.0,47.0,25.0,33.0,6.0,13.0,5.0,47.0,21.0,36.0,28.0,21.0,51.0,37.0,4.0,0.0,66.0,53.0,29.0,34.0,12.0,11.0,43.0,12.0,24.0,44.0,8.0,79.0,77.0,0.0,3.0,96.0,26.0,12.0,59.0,47.0,34.0,16.0,21.0,14.0,55.0,62.0
1989-1990,0.0,20.0,16.0,0.0,34.0,17.0,13.0,13.0,0.0,0.0,0.0,4.0,0.0,24.0,22.0,19.0,67.0,7.0,8.0,16.0,5.0,45.0,0.0,28.0,6.0,0.0,0.0,42.0,3.0,7.0,6.0,11.0,28.0,17.0,0.0,20.0,0.0,68.0,8.0,20.0,0.0,0.0,3.0,2.0,0.0,44.0,18.0,10.0,15.0,26.0,0.0,0.0,0.0,20.0,6.0,0.0,8.0,17.0,12.0,0.0,64.0,36.0,0.0,7.0,27.0,25.0,27.0,20.0
1990-1991,0.0,6.0,0.0,0.0,0.0,0.0,0.0,0.0,7.0,0.0,0.0,0.0,0.0,0.0,0.0,0.0,18.0,10.0,0.0,0.0,0.0,0.0,0.0,0.0,0.0,0.0,0.0,0.0,0.0,0.0,0.0,0.0,1.0,0.0,7.0,32.0,0.0,0.0,0.0,0.0,0.0,0.0,0.0,10.0,32.0,0.0,0.0,22.0,0.0,0.0,0.0,0.0,0.0,9.0,0.0,0.0,0.0,1.0,0.0,0.0,0.0,0.0,0.0,0.0,0.0,0.0,0.0,0.0
1991-1992,30.0,0.0,0.0,26.0,0.0,3.0,31.0,0.0,1.0,3.0,7.0,0.0,2.0,0.0,9.0,23.0,6.0,32.0,0.0,26.0,0.0,12.0,23.0,18.0,38.0,13.0,31.0,0.0,0.0,0.0,0.0,23.0,33.0,26.0,21.0,0.0,30.0,30.0,32.0,8.0,0.0,38.0,24.0,21.0,11.0,33.0,13.0,38.0,0.0,26.0,18.0,0.0,11.0,12.0,0.0,26.0,0.0,24.0,0.0,0.0,0.0,0.0,25.0,0.0,0.0,32.0,0.0,8.0
1992-1993,0.0,0.0,0.0,0.0,0.0,0.0,0.0,0.0,0.0,0.0,0.0,9.0,0.0,0.0,0.0,0.0,0.0,0.0,0.0,0.0,0.0,0.0,30.0,0.0,0.0,0.0,0.0,0.0,0.0,9.0,0.0,0.0,0.0,0.0,0.0,0.0,0.0,0.0,10.0,8.0,0.0,0.0,0.0,8.0,0.0,0.0,0.0,0.0,0.0,0.0,0.0,0.0,0.0,0.0,0.0,0.0,31.0,0.0,0.0,0.0,0.0,0.0,0.0,5.0,0.0,0.0,0.0,0.0
1993-1994,1.0,0.0,29.0,0.0,0.0,19.0,0.0,12.0,18.0,21.0,6.0,25.0,17.0,8.0,9.0,28.0,0.0,0.0,0.0,16.0,26.0,27.0,30.0,12.0,32.0,17.0,37.0,0.0,14.0,2.0,16.0,0.0,20.0,0.0,4.0,11.0,7.0,6.0,13.0,14.0,13.0,0.0,33.0,17.0,15.0,7.0,10.0,17.0,22.0,0.0,7.0,29.0,16.0,39.0,11.0,0.0,13.0,19.0,34.0,0.0,0.0,0.0,0.0,33.0,26.0,7.0,10.0,0.0
1994-1995,16.0,11.0,26.0,46.0,5.0,0.0,34.0,0.0,40.0,4.0,26.0,0.0,45.0,0.0,10.0,33.0,0.0,24.0,0.0,26.0,22.0,0.0,9.0,31.0,41.0,0.0,32.0,25.0,0.0,11.0,4.0,0.0,0.0,6.0,31.0,28.0,0.0,43.0,10.0,0.0,0.0,30.0,0.0,56.0,3.0,0.0,34.0,4.0,0.0,0.0,16.0,0.0,25.0,11.0,6.0,17.0,23.0,36.0,0.0,12.0,0.0,0.0,20.0,12.0,39.0,21.0,25.0,0.0
1995-1996,0.0,11.0,3.0,12.0,0.0,30.0,18.0,0.0,2.0,21.0,23.0,0.0,0.0,24.0,2.0,0.0,25.0,14.0,0.0,9.0,12.0,1.0,11.0,0.0,0.0,6.0,0.0,7.0,0.0,15.0,0.0,17.0,22.0,19.0,0.0,12.0,34.0,18.0,16.0,0.0,1.0,0.0,0.0,25.0,15.0,7.0,0.0,10.0,0.0,1.0,15.0,24.0,0.0,0.0,0.0,0.0,14.0,10.0,13.0,11.0,0.0,14.0,17.0,0.0,20.0,0.0,27.0,0.0
1996-1997,27.0,9.0,17.0,26.0,0.0,0.0,9.0,0.0,11.0,17.0,9.0,0.0,8.0,34.0,13.0,0.0,5.0,18.0,24.0,0.0,12.0,13.0,0.0,11.0,13.0,6.0,0.0,25.0,5.0,0.0,0.0,0.0,0.0,19.0,0.0,28.0,12.0,7.0,35.0,9.0,26.0,21.0,0.0,0.0,0.0,6.0,0.0,13.0,0.0,18.0,27.0,6.0,17.0,7.0,18.0,17.0,25.0,30.0,10.0,0.0,0.0,0.0,2.0,0.0,0.0,9.0,7.0,0.0
1997-1998,49.0,51.0,96.0,46.0,73.0,57.0,53.0,68.0,57.0,69.0,44.0,17.0,52.0,61.0,53.0,61.0,39.0,53.0,44.0,96.0,80.0,50.0,59.0,51.0,66.0,63.0,49.0,47.0,37.0,41.0,50.0,70.0,66.0,47.0,59.0,52.0,58.0,69.0,82.0,60.0,63.0,65.0,55.0,68.0,69.0,58.0,55.0,70.0,46.0,68.0,66.0,75.0,51.0,31.0,34.0,56.0,55.0,49.0,66.0,67.0,45.0,60.0,47.0,73.0,46.0,44.0,63.0,44.0
1998-1999,67.0,49.0,34.0,67.0,68.0,39.0,62.0,52.0,51.0,57.0,32.0,35.0,42.0,38.0,34.0,68.0,59.0,40.0,69.0,28.0,23.0,72.0,64.0,40.0,40.0,42.0,46.0,40.0,0.0,54.0,57.0,63.0,36.0,68.0,24.0,57.0,29.0,34.0,64.0,54.0,31.0,66.0,31.0,16.0,49.0,61.0,22.0,63.0,55.0,67.0,24.0,19.0,41.0,23.0,50.0,67.0,65.0,69.0,50.0,24.0,41.0,72.0,29.0,32.0,40.0,51.0,44.0,44.0
1999-2000,29.0,42.0,33.0,42.0,27.0,26.0,83.0,45.0,35.0,46.0,54.0,46.0,26.0,62.0,20.0,16.0,1.0,31.0,31.0,79.0,58.0,34.0,59.0,71.0,46.0,41.0,37.0,53.0,52.0,46.0,62.0,64.0,39.0,36.0,37.0,29.0,0.0,72.0,55.0,40.0,61.0,32.0,23.0,76.0,89.0,20.0,45.0,32.0,39.0,37.0,19.0,49.0,45.0,39.0,58.0,0.0,54.0,57.0,43.0,27.0,59.0,46.0,32.0,27.0,42.0,49.0,37.0,44.0
2000-2001,15.0,43.0,44.0,53.0,41.0,50.0,55.0,63.0,65.0,15.0,21.0,35.0,2.0,40.0,38.0,34.0,61.0,62.0,16.0,32.0,25.0,9.0,50.0,48.0,19.0,36.0,39.0,46.0,74.0,46.0,13.0,59.0,25.0,62.0,14.0,15.0,0.0,40.0,38.0,0.0,53.0,64.0,33.0,72.0,12.0,37.0,50.0,0.0,70.0,0.0,66.0,60.0,22.0,31.0,69.0,48.0,0.0,55.0,21.0,42.0,0.0,46.0,19.0,49.0,36.0,0.0,42.0,38.0
2001-2002,112.0,99.0,53.0,100.0,95.0,97.0,104.0,93.0,82.0,100.0,91.0,94.0,95.0,116.0,106.0,105.0,81.0,101.0,86.0,100.0,96.0,96.0,96.0,108.0,94.0,77.0,83.0,95.0,79.0,97.0,97.0,90.0,38.0,91.0,94.0,97.0,113.0,94.0,87.0,104.0,88.0,93.0,94.0,113.0,96.0,101.0,87.0,107.0,98.0,87.0,89.0,96.0,91.0,75.0,93.0,111.0,94.0,103.0,84.0,95.0,106.0,80.0,111.0,92.0,105.0,99.0,83.0,96.0
2002-2003,97.0,71.0,129.0,111.0,94.0,132.0,57.0,89.0,120.0,109.0,81.0,96.0,106.0,94.0,106.0,91.0,104.0,80.0,112.0,87.0,92.0,109.0,103.0,49.0,106.0,105.0,104.0,89.0,106.0,104.0,107.0,62.0,94.0,101.0,6.0,88.0,96.0,123.0,104.0,99.0,84.0,110.0,102.0,63.0,104.0,101.0,72.0,96.0,102.0,90.0,82.0,99.0,94.0,104.0,48.0,92.0,97.0,105.0,110.0,82.0,87.0,99.0,92.0,85.0,90.0,89.0,104.0,103.0
2003-2004,86.0,102.0,89.0,102.0,87.0,71.0,107.0,96.0,116.0,79.0,87.0,93.0,109.0,107.0,110.0,117.0,94.0,111.0,101.0,89.0,91.0,103.0,79.0,91.0,60.0,93.0,105.0,76.0,81.0,95.0,102.0,123.0,98.0,70.0,118.0,115.0,35.0,96.0,100.0,79.0,99.0,113.0,99.0,105.0,119.0,67.0,104.0,100.0,100.0,93.0,89.0,94.0,108.0,118.0,83.0,40.0,93.0,109.0,80.0,58.0,107.0,108.0,84.0,92.0,104.0,85.0,103.0,111.0
2004-2005,114.0,98.0,104.0,66.0,97.0,113.0,120.0,99.0,111.0,95.0,109.0,71.0,99.0,59.0,58.0,111.0,3.0,103.0,111.0,77.0,93.0,125.0,119.0,33.0,102.0,74.0,74.0,65.0,71.0,130.0,106.0,87.0,87.0,90.0,108.0,93.0,111.0,111.0,132.0,101.0,104.0,110.0,87.0,93.0,108.0,111.0,98.0,112.0,116.0,3.0,104.0,120.0,68.0,30.0,98.0,82.0,107.0,92.0,77.0,95.0,95.0,94.0,68.0,115.0,59.0,45.0,108.0,101.0
2005-2006,34.0,154.0,120.0,153.0,89.0,49.0,30.0,116.0,127.0,97.0,54.0,132.0,112.0,85.0,75.0,34.0,116.0,111.0,156.0,0.0,68.0,152.0,26.0,4.0,147.0,149.0,24.0,53.0,112.0,98.0,103.0,98.0,79.0,11.0,134.0,135.0,139.0,34.0,124.0,0.0,101.0,167.0,40.0,34.0,136.0,72.0,125.0,143.0,33.0,151.0,135.0,117.0,120.0,32.0,0.0,107.0,158.0,0.0,147.0,154.0,132.0,83.0,135.0,154.0,56.0,0.0,65.0,127.0
2006-2007,84.0,164.0,38.0,116.0,143.0,86.0,140.0,111.0,98.0,152.0,149.0,120.0,62.0,81.0,101.0,127.0,147.0,132.0,150.0,90.0,137.0,135.0,126.0,51.0,110.0,116.0,135.0,96.0,51.0,134.0,94.0,138.0,0.0,127.0,0.0,132.0,96.0,158.0,158.0,83.0,116.0,121.0,160.0,82.0,92.0,140.0,111.0,144.0,100.0,40.0,4.0,115.0,133.0,120.0,160.0,87.0,124.0,116.0,126.0,51.0,44.0,126.0,149.0,67.0,33.0,88.0,21.0,120.0
2007-2008,146.0,79.0,161.0,22.0,111.0,100.0,64.0,124.0,94.0,128.0,158.0,114.0,112.0,134.0,73.0,99.0,121.0,133.0,107.0,145.0,102.0,49.0,0.0,171.0,86.0,134.0,126.0,133.0,68.0,37.0,81.0,0.0,46.0,78.0,93.0,120.0,44.0,121.0,68.0,64.0,140.0,127.0,87.0,100.0,36.0,30.0,122.0,149.0,160.0,129.0,106.0,104.0,109.0,23.0,133.0,66.0,120.0,158.0,0.0,157.0,119.0,138.0,102.0,74.0,146.0,114.0,125.0,36.0
2008-2009,107.0,166.0,145.0,122.0,144.0,161.0,176.0,121.0,153.0,162.0,123.0,96.0,156.0,23.0,33.0,61.0,138.0,103.0,143.0,138.0,169.0,170.0,105.0,80.0,170.0,128.0,171.0,154.0,48.0,90.0,102.0,93.0,85.0,120.0,122.0,136.0,0.0,177.0,140.0,76.0,109.0,167.0,160.0,163.0,99.0,143.0,146.0,139.0,111.0,170.0,141.0,111.0,127.0,125.0,143.0,125.0,160.0,78.0,108.0,126.0,181.0,154.0,115.0,141.0,125.0,148.0,125.0,122.0
2009-2010,96.0,85.0,88.0,65.0,85.0,114.0,67.0,94.0,123.0,73.0,57.0,95.0,136.0,0.0,80.0,43.0,0.0,43.0,102.0,125.0,88.0,141.0,73.0,111.0,116.0,130.0,141.0,0.0,66.0,88.0,32.0,87.0,116.0,60.0,42.0,94.0,22.0,87.0,84.0,112.0,105.0,79.0,46.0,105.0,152.0,158.0,99.0,79.0,41.0,44.0,75.0,60.0,54.0,87.0,131.0,97.0,87.0,63.0,96.0,78.0,93.0,92.0,88.0,80.0,125.0,0.0,78.0,92.0
2010-2011,108.0,82.0,16.0,146.0,71.0,84.0,91.0,78.0,0.0,125.0,100.0,0.0,76.0,92.0,127.0,116.0,113.0,23.0,122.0,170.0,124.0,122.0,98.0,120.0,95.0,107.0,160.0,104.0,94.0,104.0,113.0,60.0,89.0,85.0,156.0,112.0,114.0,93.0,80.0,24.0,95.0,77.0,55.0,53.0,69.0,137.0,71.0,38.0,87.0,70.0,25.0,85.0,132.0,126.0,75.0,82.0,102.0,18.0,0.0,39.0,42.0,138.0,66.0,75.0,88.0,55.0,93.0,104.0
2011-2012,110.0,111.0,138.0,131.0,87.0,106.0,123.0,106.0,95.0,69.0,143.0,120.0,60.0,111.0,71.0,47.0,67.0,86.0,77.0,73.0,58.0,129.0,85.0,72.0,118.0,125.0,89.0,87.0,0.0,26.0,56.0,98.0,104.0,82.0,141.0,55.0,104.0,139.0,99.0,66.0,100.0,77.0,73.0,124.0,125.0,28.0,87.0,61.0,45.0,24.0,87.0,32.0,53.0,132.0,110.0,79.0,16.0,80.0,62.0,117.0,109.0,86.0,95.0,90.0,127.0,109.0,55.0,84.0
2012-2013,27.0,92.0,96.0,0.0,87.0,85.0,67.0,75.0,33.0,89.0,73.0,57.0,61.0,65.0,62.0,78.0,59.0,90.0,18.0,139.0,115.0,62.0,61.0,125.0,110.0,76.0,94.0,119.0,72.0,135.0,89.0,148.0,138.0,121.0,95.0,106.0,111.0,33.0,111.0,61.0,55.0,114.0,92.0,58.0,119.0,111.0,36.0,14.0,103.0,95.0,102.0,112.0,121.0,40.0,115.0,57.0,88.0,129.0,103.0,133.0,113.0,74.0,125.0,59.0,102.0,65.0,70.0,140.0
2013-2014,86.0,28.0,0.0,62.0,62.0,20.0,62.0,38.0,15.0,56.0,45.0,48.0,85.0,26.0,5.0,61.0,25.0,22.0,131.0,111.0,52.0,50.0,64.0,65.0,23.0,91.0,83.0,71.0,71.0,27.0,24.0,42.0,27.0,22.0,37.0,24.0,63.0,61.0,102.0,101.0,99.0,40.0,18.0,118.0,73.0,104.0,65.0,145.0,29.0,117.0,99.0,95.0,104.0,73.0,112.0,101.0,66.0,88.0,62.0,40.0,103.0,6.0,62.0,0.0,93.0,62.0,71.0,48.0
2014-2015,0.0,29.0,56.0,0.0,0.0,81.0,57.0,48.0,62.0,42.0,94.0,87.0,56.0,24.0,66.0,47.0,81.0,0.0,62.0,14.0,66.0,43.0,39.0,0.0,91.0,69.0,59.0,104.0,0.0,39.0,73.0,104.0,74.0,71.0,84.0,63.0,70.0,0.0,85.0,0.0,24.0,0.0,33.0,87.0,62.0,107.0,9.0,70.0,39.0,86.0,28.0,98.0,14.0,0.0,47.0,29.0,2.0,65.0,25.0,64.0,35.0,67.0,42.0,98.0,10.0,17.0,37.0,53.0
2015-2016,72.0,27.0,48.0,48.0,0.0,0.0,0.0,28.0,62.0,18.0,61.0,57.0,94.0,53.0,54.0,50.0,56.0,54.0,46.0,25.0,44.0,43.0,30.0,62.0,0.0,19.0,33.0,14.0,33.0,101.0,52.0,38.0,39.0,20.0,38.0,90.0,57.0,80.0,5.0,32.0,90.0,3.0,27.0,20.0,0.0,89.0,75.0,95.0,61.0,37.0,58.0,0.0,76.0,54.0,53.0,54.0,44.0,4.0,88.0,21.0,54.0,55.0,39.0,24.0,98.0,65.0,95.0,91.0
2016-2017,7.0,38.0,40.0,0.0,29.0,28.0,24.0,45.0,0.0,29.0,38.0,57.0,97.0,58.0,60.0,42.0,19.0,71.0,42.0,106.0,110.0,23.0,19.0,0.0,67.0,68.0,133.0,53.0,71.0,0.0,59.0,67.0,66.0,61.0,65.0,59.0,55.0,0.0,61.0,83.0,0.0,0.0,60.0,11.0,52.0,0.0,60.0,18.0,67.0,86.0,53.0,31.0,36.0,102.0,17.0,4.0,77.0,90.0,0.0,38.0,0.0,30.0,107.0,38.0,62.0,26.0,31.0,14.0
2017-2018,0.0,0.0,0.0,0.0,39.0,0.0,48.0,35.0,0.0,16.0,0.0,0.0,0.0,3.0,0.0,0.0,22.0,7.0,8.0,0.0,0.0,0.0,0.0,0.0,44.0,0.0,0.0,9.0,2.0,9.0,2.0,0.0,0.0,0.0,0.0,15.0,0.0,0.0,0.0,0.0,0.0,19.0,0.0,34.0,0.0,0.0,12.0,11.0,0.0,0.0,0.0,0.0,9.0,0.0,0.0,10.0,0.0,5.0,0.0,0.0,32.0,0.0,0.0,21.0,0.0,20.0,0.0,17.0
2018-2019,0.0,14.0,13.0,0.0,0.0,35.0,9.0,12.0,16.0,72.0,0.0,0.0,0.0,0.0,0.0,19.0,40.0,0.0,5.0,5.0,1.0,13.0,41.0,42.0,0.0,2.0,20.0,0.0,6.0,9.0,2.0,18.0,0.0,23.0,0.0,0.0,7.0,0.0,0.0,0.0,0.0,0.0,20.0,0.0,0.0,8.0,8.0,1.0,28.0,0.0,0.0,23.0,0.0,0.0,0.0,20.0,41.0,0.0,0.0,6.0,0.0,0.0,0.0,0.0,0.0,0.0,0.0,0.0
2019-2020,8.0,3.0,17.0,0.0,0.0,0.0,0.0,0.0,30.0,0.0,0.0,40.0,0.0,3.0,0.0,0.0,26.0,0.0,0.0,0.0,0.0,0.0,0.0,0.0,0.0,25.0,0.0,0.0,0.0,19.0,0.0,21.0,0.0,0.0,0.0,0.0,32.0,0.0,0.0,53.0,0.0,6.0,0.0,0.0,8.0,0.0,0.0,6.0,5.0,0.0,0.0,4.0,5.0,0.0,0.0,0.0,0.0,4.0,0.0,0.0,0.0,0.0,18.0,0.0,11.0,0.0,0.0,5.0
2020-2021,0.0,0.0,58.0,0.0,4.0,0.0,0.0,0.0,26.0,0.0,0.0,0.0,0.0,0.0,0.0,0.0,0.0,0.0,15.0,23.0,0.0,0.0,0.0,0.0,0.0,0.0,1.0,0.0,0.0,22.0,0.0,7.0,0.0,5.0,0.0,0.0,0.0,11.0,29.0,0.0,0.0,0.0,68.0,16.0,0.0,0.0,0.0,0.0,0.0,0.0,0.0,6.0,0.0,28.0,0.0,0.0,55.0,10.0,0.0,0.0,57.0,50.0,51.0,58.0,0.0,53.0,31.0,27.0
2021-2022,0.0,0.0,0.0,0.0,0.0,0.0,0.0,0.0,0.0,0.0,0.0,0.0,8.0,0.0,0.0,0.0,0.0,0.0,0.0,0.0,0.0,0.0,0.0,0.0,0.0,0.0,0.0,0.0,0.0,0.0,0.0,0.0,0.0,0.0,0.0,0.0,0.0,0.0,0.0,0.0,23.0,0.0,0.0,0.0,0.0,0.0,0.0,0.0,0.0,0.0,0.0,0.0,0.0,0.0,0.0,0.0,0.0,0.0,0.0,0.0,0.0,0.0,0.0,0.0,0.0,0.0,0.0,0.0
2022-2023,0.0,0.0,0.0,0.0,0.0,0.0,0.0,0.0,0.0,0.0,0.0,0.0,0.0,0.0,0.0,0.0,0.0,0.0,0.0,0.0,0.0,0.0,0.0,0.0,0.0,0.0,2.0,0.0,0.0,0.0,0.0,0.0,0.0,0.0,0.0,0.0,0.0,0.0,0.0,0.0,2.0,0.0,0.0,0.0,0.0,0.0,0.0,0.0,0.0,0.0,0.0,0.0,0.0,0.0,4.0,1.0,0.0,0.0,0.0,0.0,0.0,0.0,0.0,0.0,14.0,4.0,2.0,0.0
2023-2024,0.0,0.0,0.0,0.0,0.0,0.0,0.0,4.0,0.0,0.0,19.0,0.0,0.0,0.0,0.0,0.0,0.0,0.0,0.0,0.0,0.0,14.0,0.0,0.0,0.0,0.0,0.0,0.0,0.0,0.0,0.0,0.0,0.0,0.0,0.0,0.0,0.0,0.0,0.0,0.0,0.0,0.0,0.0,0.0,0.0,0.0,0.0,3.0,0.0,0.0,0.0,0.0,0.0,0.0,0.0,0.0,0.0,0.0,0.0,7.0,0.0,0.0,0.0,0.0,1.0,0.0,0.0,0.0
2024-2025,0.0,0.0,0.0,0.0,0.0,0.0,0.0,0.0,0.0,0.0,0.0,0.0,4.0,0.0,0.0,0.0,0.0,0.0,0.0,0.0,0.0,0.0,0.0,14.0,0.0,0.0,0.0,0.0,0.0,0.0,0.0,0.0,0.0,0.0,0.0,0.0,0.0,0.0,0.0,4.0,0.0,0.0,0.0,0.0,0.0,9.0,0.0,0.0,0.0,0.0,0.0,0.0,0.0,0.0,0.0,0.0,0.0,0.0,0.0,0.0,0.0,0.0,0.0,0.0,11.0,0.0,0.0,0.0
2025-2026,0.0,4.0,0.0,0.0,6.0,0.0,18.0,6.0,5.0,0.0,0.0,0.0,11.0,19.0,0.0,8.0,1.0,6.0,27.0,21.0,21.0,15.0,27.0,0.0,0.0,6.0,24.0,0.0,19.0,11.0,12.0,24.0,18.0,0.0,32.0,24.0,43.0,12.0,0.0,0.0,20.0,7.0,12.0,13.0,8.0,0.0,0.0,19.0,0.0,4.0,21.0,20.0,20.0,18.0,23.0,0.0,0.0,8.0,13.0,0.0,8.0,0.0,0.0,20.0,20.0,0.0,0.0,0.0
2026-2027,34.0,22.0,26.0,30.0,37.0,17.0,35.0,10.0,20.0,12.0,57.0,28.0,46.0,34.0,34.0,26.0,43.0,5.0,34.0,44.0,42.0,0.0,17.0,24.0,46.0,48.0,22.0,41.0,46.0,47.0,28.0,50.0,35.0,25.0,22.0,10.0,8.0,32.0,27.0,48.0,34.0,20.0,26.0,26.0,37.0,25.0,35.0,43.0,35.0,25.0,36.0,34.0,23.0,45.0,29.0,32.0,41.0,0.0,46.0,34.0,42.0,33.0,34.0,38.0,36.0,36.0,43.0,12.0
2027-2028,31.0,21.0,12.0,29.0,35.0,30.0,32.0,33.0,0.0,28.0,39.0,15.0,25.0,45.0,45.0,41.0,23.0,36.0,0.0,9.0,34.0,40.0,21.0,8.0,11.0,27.0,39.0,44.0,0.0,23.0,21.0,25.0,39.0,33.0,34.0,9.0,15.0,25.0,29.0,6.0,15.0,19.0,4.0,19.0,27.0,20.0,34.0,22.0,3.0,28.0,12.0,18.0,25.0,34.0,42.0,24.0,33.0,1.0,23.0,0.0,16.0,29.0,33.0,16.0,18.0,11.0,32.0,13.0
2028-2029,33.0,30.0,0.0,30.0,51.0,46.0,41.0,53.0,15.0,11.0,29.0,25.0,17.0,8.0,8.0,21.0,41.0,10.0,39.0,40.0,0.0,42.0,20.0,0.0,37.0,12.0,7.0,22.0,31.0,0.0,20.0,34.0,39.0,45.0,16.0,35.0,23.0,32.0,42.0,9.0,28.0,27.0,32.0,21.0,19.0,27.0,30.0,31.0,8.0,0.0,31.0,36.0,0.0,36.0,27.0,8.0,32.0,47.0,21.0,34.0,46.0,20.0,40.0,22.0,12.0,19.0,0.0,22.0
2029-2030,72.0,54.0,50.0,88.0,75.0,56.0,74.0,48.0,82.0,73.0,71.0,35.0,69.0,63.0,53.0,79.0,45.0,69.0,71.0,57.0,77.0,86.0,79.0,51.0,89.0,64.0,75.0,81.0,71.0,54.0,95.0,69.0,49.0,57.0,60.0,53.0,64.0,50.0,71.0,51.0,26.0,86.0,65.0,13.0,78.0,40.0,62.0,57.0,21.0,52.0,71.0,60.0,65.0,51.0,16.0,2.0,42.0,69.0,30.0,52.0,82.0,21.0,36.0,38.0,48.0,54.0,61.0,17.0
2030-2031,63.0,106.0,90.0,99.0,106.0,86.0,78.0,71.0,64.0,99.0,79.0,89.0,90.0,65.0,91.0,48.0,49.0,74.0,90.0,88.0,110.0,111.0,45.0,65.0,89.0,77.0,75.0,81.0,60.0,74.0,99.0,80.0,79.0,98.0,93.0,97.0,80.0,21.0,65.0,109.0,72.0,91.0,49.0,99.0,23.0,82.0,86.0,78.0,87.0,42.0,97.0,0.0,51.0,67.0,36.0,64.0,65.0,67.0,91.0,46.0,53.0,90.0,87.0,81.0,91.0,60.0,60.0,79.0
2031-2032,73.0,86.0,92.0,91.0,77.0,107.0,90.0,104.0,61.0,99.0,81.0,91.0,83.0,89.0,72.0,15.0,23.0,76.0,86.0,86.0,89.0,75.0,72.0,94.0,74.0,27.0,102.0,82.0,81.0,76.0,94.0,0.0,66.0,69.0,23.0,80.0,68.0,81.0,92.0,83.0,74.0,87.0,100.0,97.0,95.0,86.0,89.0,59.0,82.0,75.0,95.0,63.0,99.0,78.0,77.0,90.0,54.0,90.0,89.0,26.0,45.0,90.0,88.0,89.0,104.0,84.0,82.0,85.0
2032-2033,74.0,62.0,90.0,71.0,88.0,100.0,76.0,59.0,40.0,78.0,98.0,84.0,63.0,82.0,80.0,62.0,74.0,62.0,81.0,54.0,48.0,78.0,92.0,76.0,47.0,66.0,64.0,85.0,60.0,72.0,85.0,53.0,37.0,70.0,69.0,76.0,73.0,72.0,68.0,70.0,60.0,85.0,53.0,76.0,41.0,66.0,73.0,78.0,61.0,29.0,55.0,90.0,74.0,70.0,0.0,61.0,0.0,39.0,81.0,6.0,48.0,63.0,79.0,45.0,32.0,55.0,17.0,66.0
2033-2034,124.0,135.0,19.0,104.0,88.0,133.0,47.0,107.0,88.0,129.0,111.0,91.0,124.0,93.0,99.0,37.0,138.0,98.0,126.0,128.0,131.0,146.0,97.0,115.0,129.0,60.0,98.0,80.0,56.0,25.0,74.0,100.0,97.0,63.0,142.0,113.0,83.0,79.0,84.0,109.0,130.0,76.0,96.0,101.0,101.0,109.0,114.0,90.0,111.0,122.0,97.0,106.0,94.0,137.0,97.0,119.0,100.0,109.0,116.0,114.0,133.0,121.0,111.0,103.0,124.0,142.0,114.0,107.0
2034-2035,124.0,95.0,67.0,132.0,114.0,140.0,98.0,123.0,96.0,109.0,98.0,123.0,132.0,72.0,70.0,124.0,121.0,108.0,57.0,127.0,69.0,112.0,101.0,123.0,12.0,104.0,116.0,132.0,65.0,110.0,114.0,133.0,149.0,93.0,49.0,144.0,131.0,52.0,94.0,132.0,127.0,29.0,121.0,125.0,64.0,34.0,121.0,11.0,50.0,90.0,88.0,95.0,35.0,62.0,122.0,110.0,90.0,98.0,95.0,119.0,130.0,142.0,109.0,138.0,22.0,106.0,66.0,17.0
2035-2036,109.0,98.0,140.0,122.0,0.0,66.0,97.0,76.0,51.0,77.0,85.0,106.0,38.0,86.0,124.0,109.0,121.0,112.0,127.0,99.0,126.0,118.0,134.0,43.0,20.0,95.0,81.0,124.0,153.0,25.0,112.0,56.0,131.0,91.0,78.0,140.0,95.0,61.0,128.0,132.0,0.0,0.0,113.0,2.0,59.0,132.0,101.0,114.0,29.0,112.0,13.0,0.0,0.0,29.0,102.0,125.0,84.0,38.0,85.0,101.0,97.0,10.0,0.0,0.0,108.0,36.0,48.0,122.0
2036-2037,117.0,95.0,115.0,60.0,46.0,78.0,118.0,37.0,0.0,72.0,111.0,127.0,92.0,138.0,98.0,112.0,97.0,15.0,141.0,64.0,120.0,80.0,10.0,65.0,13.0,76.0,81.0,91.0,139.0,106.0,89.0,40.0,85.0,107.0,78.0,88.0,79.0,127.0,74.0,75.0,109.0,105.0,36.0,92.0,0.0,141.0,117.0,123.0,42.0,89.0,0.0,127.0,114.0,44.0,41.0,103.0,92.0,120.0,146.0,78.0,101.0,92.0,142.0,51.0,55.0,26.0,0.0,142.0
2037-2038,100.0,178.0,118.0,70.0,121.0,151.0,113.0,118.0,70.0,56.0,96.0,83.0,158.0,71.0,124.0,116.0,155.0,154.0,154.0,160.0,114.0,45.0,160.0,139.0,155.0,157.0,16.0,103.0,116.0,0.0,162.0,121.0,0.0,128.0,77.0,129.0,114.0,102.0,77.0,121.0,92.0,94.0,101.0,59.0,139.0,83.0,160.0,142.0,2.0,82.0,164.0,56.0,116.0,141.0,171.0,71.0,102.0,107.0,100.0,149.0,171.0,158.0,71.0,140.0,129.0,108.0,53.0,118.0
2038-2039,103.0,54.0,74.0,161.0,92.0,103.0,113.0,108.0,117.0,109.0,147.0,0.0,145.0,3.0,71.0,10.0,7.0,46.0,77.0,0.0,126.0,92.0,134.0,46.0,54.0,4.0,53.0,102.0,50.0,16.0,101.0,88.0,109.0,51.0,63.0,0.0,87.0,125.0,113.0,76.0,82.0,66.0,108.0,115.0,90.0,110.0,73.0,125.0,98.0,104.0,108.0,162.0,106.0,108.0,136.0,141.0,0.0,51.0,96.0,104.0,57.0,70.0,129.0,135.0,84.0,42.0,97.0,62.0
2039-2040,81.0,0.0,95.0,120.0,68.0,182.0,83.0,102.0,32.0,131.0,57.0,86.0,81.0,76.0,42.0,93.0,122.0,52.0,0.0,94.0,102.0,72.0,107.0,66.0,0.0,19.0,17.0,118.0,116.0,83.0,66.0,84.0,117.0,102.0,67.0,34.0,41.0,16.0,92.0,55.0,89.0,129.0,49.0,0.0,89.0,0.0,18.0,47.0,53.0,119.0,112.0,108.0,125.0,0.0,20.0,131.0,49.0,39.0,80.0,19.0,40.0,0.0,107.0,0.0,0.0,79.0,50.0,68.0
2040-2041,49.0,86.0,59.0,58.0,48.0,3.0,39.0,92.0,34.0,130.0,160.0,88.0,89.0,109.0,80.0,66.0,82.0,122.0,34.0,148.0,36.0,76.0,36.0,62.0,45.0,122.0,124.0,120.0,15.0,20.0,111.0,160.0,101.0,30.0,127.0,95.0,75.0,57.0,0.0,79.0,76.0,102.0,8.0,136.0,0.0,0.0,76.0,86.0,125.0,104.0,90.0,112.0,90.0,43.0,70.0,70.0,10.0,49.0,121.0,106.0,119.0,103.0,112.0,144.0,22.0,55.0,105.0,115.0
2041-2042,61.0,137.0,131.0,7.0,41.0,79.0,19.0,66.0,101.0,0.0,13.0,43.0,32.0,127.0,72.0,11.0,129.0,0.0,65.0,7.0,124.0,75.0,0.0,0.0,0.0,102.0,9.0,84.0,28.0,48.0,76.0,97.0,105.0,0.0,130.0,87.0,57.0,31.0,39.0,11.0,110.0,67.0,66.0,88.0,76.0,73.0,103.0,118.0,121.0,1.0,56.0,100.0,102.0,16.0,96.0,42.0,96.0,52.0,0.0,96.0,101.0,120.0,78.0,107.0,105.0,45.0,0.0,0.0
2042-2043,46.0,0.0,34.0,97.0,40.0,40.0,65.0,0.0,53.0,40.0,60.0,51.0,0.0,77.0,14.0,70.0,0.0,70.0,69.0,78.0,81.0,65.0,75.0,80.0,43.0,69.0,90.0,39.0,0.0,69.0,59.0,55.0,93.0,58.0,56.0,71.0,78.0,127.0,97.0,46.0,93.0,0.0,81.0,43.0,0.0,86.0,85.0,18.0,73.0,89.0,46.0,24.0,0.0,90.0,30.0,97.0,8.0,40.0,81.0,97.0,81.0,82.0,41.0,77.0,9.0,82.0,74.0,53.0
2043-2044,125.0,101.0,127.0,66.0,45.0,73.0,84.0,64.0,129.0,71.0,73.0,81.0,70.0,77.0,47.0,65.0,58.0,84.0,86.0,120.0,72.0,5.0,88.0,53.0,7.0,52.0,74.0,82.0,38.0,14.0,57.0,53.0,51.0,19.0,40.0,70.0,86.0,0.0,82.0,65.0,69.0,0.0,85.0,76.0,24.0,9.0,99.0,67.0,96.0,110.0,52.0,69.0,72.0,9.0,24.0,71.0,68.0,70.0,7.0,98.0,43.0,35.0,35.0,31.0,65.0,87.0,14.0,98.0
2044-2045,62.0,73.0,62.0,82.0,71.0,61.0,51.0,46.0,63.0,92.0,83.0,58.0,49.0,70.0,56.0,69.0,41.0,0.0,1.0,46.0,0.0,24.0,71.0,22.0,36.0,45.0,88.0,42.0,64.0,46.0,52.0,5.0,49.0,53.0,0.0,7.0,66.0,64.0,34.0,0.0,72.0,90.0,51.0,72.0,42.0,43.0,53.0,0.0,94.0,25.0,0.0,3.0,0.0,0.0,92.0,0.0,0.0,0.0,2.0,99.0,0.0,1.0,45.0,67.0,0.0,0.0,16.0,0.0
2045-2046,11.0,47.0,40.0,11.0,75.0,83.0,45.0,0.0,11.0,27.0,105.0,7.0,0.0,16.0,0.0,11.0,41.0,22.0,1.0,0.0,10.0,0.0,0.0,52.0,12.0,44.0,65.0,22.0,63.0,4.0,32.0,16.0,0.0,38.0,42.0,10.0,13.0,54.0,18.0,60.0,49.0,26.0,0.0,7.0,44.0,46.0,0.0,3.0,60.0,60.0,23.0,57.0,63.0,61.0,38.0,0.0,19.0,0.0,0.0,68.0,40.0,39.0,44.0,0.0,69.0,67.0,32.0,38.0
2046-2047,0.0,6.0,0.0,0.0,4.0,39.0,0.0,58.0,0.0,12.0,15.0,0.0,0.0,36.0,37.0,0.0,0.0,32.0,0.0,19.0,0.0,0.0,22.0,29.0,13.0,0.0,0.0,0.0,33.0,8.0,27.0,41.0,0.0,0.0,0.0,22.0,26.0,0.0,67.0,0.0,19.0,61.0,19.0,0.0,63.0,22.0,36.0,69.0,23.0,86.0,46.0,0.0,20.0,8.0,22.0,22.0,64.0,0.0,23.0,23.0,3.0,36.0,0.0,72.0,56.0,0.0,14.0,15.0
2047-2048,12.0,10.0,0.0,0.0,6.0,0.0,0.0,18.0,18.0,0.0,28.0,0.0,0.0,0.0,0.0,4.0,0.0,0.0,0.0,0.0,0.0,1.0,0.0,0.0,0.0,18.0,0.0,0.0,0.0,0.0,27.0,0.0,0.0,0.0,0.0,0.0,9.0,31.0,0.0,0.0,0.0,54.0,2.0,54.0,0.0,44.0,61.0,28.0,7.0,35.0,5.0,19.0,4.0,7.0,0.0,40.0,40.0,17.0,19.0,25.0,12.0,7.0,0.0,28.0,0.0,0.0,0.0,46.0
2048-2049,26.0,0.0,0.0,0.0,0.0,0.0,0.0,0.0,0.0,0.0,0.0,0.0,46.0,0.0,0.0,0.0,0.0,0.0,0.0,57.0,11.0,0.0,40.0,0.0,0.0,5.0,42.0,3.0,11.0,0.0,7.0,21.0,0.0,4.0,49.0,49.0,46.0,15.0,10.0,18.0,0.0,44.0,25.0,17.0,20.0,4.0,0.0,0.0,5.0,22.0,0.0,42.0,0.0,61.0,0.0,3.0,0.0,6.0,0.0,0.0,0.0,0.0,62.0,20.0,3.0,3.0,0.0,0.0
2049-2050,0.0,0.0,0.0,0.0,0.0,3.0,0.0,0.0,0.0,14.0,0.0,0.0,0.0,0.0,0.0,0.0,32.0,31.0,0.0,0.0,0.0,0.0,0.0,0.0,0.0,24.0,0.0,48.0,0.0,0.0,0.0,0.0,0.0,0.0,0.0,0.0,0.0,0.0,16.0,0.0,12.0,0.0,0.0,0.0,0.0,0.0,42.0,7.0,0.0,0.0,0.0,0.0,0.0,0.0,0.0,0.0,15.0,0.0,23.0,1.0,0.0,0.0,0.0,0.0,0.0,0.0,13.0,0.0
2050-2051,0.0,0.0,0.0,0.0,0.0,0.0,0.0,0.0,0.0,0.0,2.0,0.0,0.0,0.0,0.0,0.0,0.0,0.0,0.0,0.0,0.0,0.0,0.0,7.0,0.0,0.0,0.0,0.0,0.0,0.0,0.0,0.0,0.0,0.0,0.0,18.0,0.0,0.0,0.0,0.0,0.0,0.0,0.0,0.0,0.0,0.0,0.0,0.0,0.0,0.0,0.0,0.0,0.0,0.0,0.0,0.0,0.0,0.0,0.0,1.0,0.0,5.0,0.0,0.0,0.0,0.0,0.0,0.0
2051-2052,0.0,0.0,0.0,0.0,0.0,0.0,33.0,0.0,0.0,0.0,0.0,0.0,0.0,0.0,0.0,0.0,0.0,0.0,0.0,0.0,0.0,0.0,0.0,0.0,0.0,0.0,0.0,0.0,0.0,0.0,0.0,0.0,0.0,0.0,0.0,0.0,0.0,0.0,0.0,0.0,0.0,0.0,0.0,0.0,0.0,0.0,0.0,0.0,0.0,0.0,0.0,0.0,0.0,0.0,0.0,0.0,0.0,0.0,0.0,0.0,0.0,0.0,0.0,0.0,0.0,0.0,0.0,0.0
2052-2053,0.0,0.0,0.0,0.0,0.0,0.0,0.0,0.0,0.0,0.0,0.0,0.0,0.0,0.0,0.0,0.0,0.0,0.0,0.0,0.0,0.0,0.0,0.0,0.0,0.0,0.0,7.0,0.0,0.0,0.0,0.0,0.0,0.0,0.0,0.0,0.0,0.0,0.0,0.0,0.0,0.0,0.0,0.0,0.0,0.0,0.0,0.0,0.0,0.0,0.0,0.0,0.0,0.0,0.0,0.0,0.0,0.0,0.0,0.0,0.0,0.0,0.0,0.0,0.0,0.0,0.0,0.0,0.0
2053-2054,0.0,0.0,0.0,0.0,0.0,0.0,0.0,0.0,0.0,0.0,0.0,0.0,0.0,0.0,0.0,0.0,0.0,0.0,0.0,0.0,0.0,0.0,0.0,0.0,0.0,0.0,0.0,0.0,15.0,0.0,0.0,0.0,0.0,0.0,0.0,0.0,11.0,0.0,0.0,0.0,0.0,0.0,0.0,0.0,0.0,0.0,0.0,0.0,0.0,0.0,0.0,0.0,0.0,0.0,0.0,0.0,0.0,0.0,0.0,0.0,0.0,0.0,0.0,0.0,0.0,0.0,0.0,0.0
2054-2055,20.0,0.0,4.0,11.0,13.0,0.0,3.0,0.0,17.0,0.0,1.0,0.0,12.0,0.0,0.0,0.0,11.0,0.0,0.0,0.0,4.0,0.0,0.0,0.0,0.0,0.0,0.0,0.0,2.0,0.0,0.0,0.0,37.0,0.0,0.0,0.0,0.0,0.0,0.0,0.0,0.0,0.0,0.0,0.0,0.0,0.0,0.0,0.0,0.0,0.0,0.0,2.0,0.0,0.0,0.0,0.0,0.0,0.0,0.0,0.0,0.0,0.0,0.0,0.0,0.0,0.0,0.0,0.0
2055-2056,0.0,14.0,35.0,0.0,0.0,26.0,7.0,26.0,25.0,0.0,17.0,0.0,0.0,14.0,0.0,13.0,1.0,0.0,11.0,0.0,7.0,0.0,1.0,21.0,0.0,19.0,8.0,36.0,20.0,13.0,2.0,31.0,0.0,26.0,3.0,25.0,0.0,0.0,0.0,7.0,0.0,0.0,0.0,0.0,0.0,16.0,25.0,0.0,15.0,0.0,0.0,11.0,20.0,0.0,8.0,0.0,0.0,0.0,0.0,0.0,28.0,10.0,0.0,0.0,0.0,0.0,0.0,0.0
2056-2057,20.0,11.0,8.0,10.0,16.0,29.0,12.0,0.0,27.0,16.0,0.0,19.0,0.0,0.0,10.0,10.0,0.0,21.0,8.0,10.0,15.0,10.0,5.0,0.0,20.0,0.0,0.0,19.0,1.0,17.0,37.0,0.0,0.0,0.0,11.0,9.0,8.0,0.0,0.0,0.0,26.0,0.0,33.0,1.0,1.0,0.0,0.0,17.0,0.0,3.0,0.0,14.0,0.0,0.0,0.0,19.0,24.0,7.0,0.0,2.0,0.0,3.0,0.0,1.0,0.0,26.0,0.0,7.0
2057-2058,5.0,32.0,48.0,0.0,0.0,36.0,15.0,13.0,25.0,28.0,10.0,25.0,32.0,22.0,40.0,21.0,0.0,13.0,9.0,47.0,29.0,35.0,6.0,5.0,11.0,20.0,45.0,34.0,1.0,34.0,19.0,41.0,0.0,22.0,0.0,22.0,26.0,7.0,8.0,11.0,0.0,2.0,0.0,0.0,7.0,11.0,27.0,17.0,0.0,0.0,17.0,32.0,0.0,17.0,5.0,37.0,0.0,0.0,7.0,19.0,0.0,0.0,2.0,0.0,0.0,0.0,0.0,0.0
2058-2059,19.0,23.0,19.0,61.0,52.0,0.0,40.0,68.0,46.0,36.0,6.0,37.0,48.0,58.0,35.0,52.0,3.0,69.0,66.0,7.0,41.0,13.0,39.0,54.0,34.0,49.0,43.0,3.0,54.0,36.0,12.0,55.0,29.0,41.0,16.0,32.0,25.0,0.0,21.0,20.0,0.0,8.0,1.0,4.0,39.0,30.0,57.0,39.0,0.0,45.0,32.0,30.0,0.0,40.0,0.0,38.0,37.0,29.0,2.0,34.0,0.0,0.0,47.0,6.0,8.0,31.0,54.0,26.0
2059-2060,65.0,89.0,74.0,67.0,85.0,58.0,62.0,43.0,64.0,85.0,4.0,78.0,61.0,51.0,62.0,54.0,75.0,50.0,23.0,68.0,44.0,65.0,58.0,46.0,9.0,50.0,24.0,67.0,72.0,72.0,25.0,40.0,49.0,80.0,26.0,47.0,0.0,27.0,55.0,37.0,53.0,45.0,18.0,28.0,0.0,1.0,0.0,45.0,60.0,21.0,40.0,58.0,43.0,73.0,48.0,0.0,16.0,18.0,24.0,36.0,1.0,32.0,19.0,5.0,0.0,25.0,1.0,26.0
2060-2061,46.0,45.0,59.0,55.0,31.0,63.0,64.0,72.0,50.0,51.0,46.0,77.0,52.0,72.0,41.0,40.0,0.0,28.0,56.0,4.0,16.0,75.0,35.0,14.0,53.0,30.0,72.0,53.0,10.0,6.0,72.0,0.0,53.0,27.0,39.0,49.0,22.0,0.0,43.0,20.0,60.0,55.0,0.0,35.0,25.0,0.0,41.0,20.0,0.0,59.0,29.0,40.0,14.0,37.0,3.0,62.0,38.0,36.0,24.0,61.0,53.0,3.0,8.0,0.0,0.0,34.0,0.0,0.0
2061-2062,13.0,64.0,72.0,48.0,40.0,78.0,80.0,70.0,85.0,81.0,63.0,99.0,72.0,87.0,41.0,39.0,67.0,64.0,82.0,67.0,77.0,0.0,65.0,55.0,32.0,72.0,68.0,85.0,80.0,89.0,91.0,85.0,73.0,92.0,88.0,73.0,69.0,39.0,7.0,4.0,0.0,30.0,0.0,3.0,27.0,0.0,35.0,0.0,27.0,8.0,27.0,40.0,22.0,0.0,0.0,19.0,0.0,23.0,0.0,0.0,0.0,0.0,0.0,54.0,44.0,52.0,31.0,22.0
2062-2063,99.0,115.0,38.0,108.0,109.0,115.0,33.0,107.0,116.0,49.0,83.0,0.0,81.0,98.0,82.0,36.0,79.0,66.0,96.0,83.0,39.0,27.0,94.0,29.0,93.0,80.0,75.0,89.0,106.0,73.0,78.0,61.0,51.0,75.0,54.0,85.0,49.0,73.0,0.0,50.0,0.0,19.0,0.0,0.0,94.0,11.0,62.0,80.0,8.0,0.0,0.0,45.0,28.0,79.0,14.0,58.0,34.0,48.0,81.0,17.0,72.0,0.0,0.0,69.0,47.0,35.0,82.0,44.0
2063-2064,91.0,85.0,99.0,22.0,66.0,103.0,106.0,59.0,100.0,67.0,8.0,110.0,11.0,109.0,77.0,75.0,64.0,95.0,92.0,71.0,0.0,108.0,116.0,113.0,98.0,64.0,98.0,45.0,78.0,116.0,107.0,90.0,110.0,103.0,109.0,126.0,88.0,20.0,0.0,89.0,19.0,93.0,6.0,54.0,27.0,36.0,74.0,0.0,0.0,0.0,0.0,0.0,0.0,0.0,2.0,0.0,0.0,1.0,0.0,7.0,86.0,64.0,38.0,0.0,22.0,0.0,98.0,60.0
2064-2065,130.0,0.0,90.0,114.0,127.0,103.0,103.0,96.0,118.0,70.0,100.0,4.0,59.0,105.0,0.0,76.0,122.0,0.0,90.0,94.0,106.0,0.0,3.0,60.0,64.0,67.0,2.0,60.0,126.0,47.0,114.0,95.0,85.0,80.0,95.0,0.0,0.0,96.0,75.0,38.0,0.0,86.0,0.0,40.0,47.0,119.0,48.0,16.0,100.0,62.0,0.0,5.0,88.0,40.0,48.0,80.0,0.0,63.0,106.0,0.0,83.0,0.0,101.0,96.0,0.0,28.0,41.0,60.0
2065-2066,139.0,72.0,65.0,116.0,121.0,131.0,34.0,122.0,133.0,33.0,132.0,87.0,151.0,4.0,112.0,114.0,56.0,0.0,39.0,16.0,0.0,73.0,0.0,54.0,75.0,7.0,0.0,107.0,103.0,136.0,6.0,0.0,110.0,0.0,0.0,67.0,0.0,0.0,4.0,0.0,70.0,0.0,116.0,23.0,59.0,80.0,0.0,29.0,0.0,31.0,0.0,122.0,4.0,0.0,100.0,0.0,92.0,53.0,92.0,0.0,2.0,0.0,70.0,2.0,0.0,32.0,98.0,13.0
2066-2067,45.0,32.0,10.0,155.0,132.0,99.0,71.0,122.0,79.0,56.0,41.0,100.0,111.0,34.0,111.0,90.0,53.0,109.0,181.0,88.0,123.0,145.0,127.0,135.0,94.0,138.0,29.0,154.0,74.0,77.0,110.0,12.0,0.0,91.0,67.0,92.0,116.0,17.0,0.0,70.0,0.0,16.0,104.0,106.0,65.0,0.0,14.0,0.0,86.0,98.0,107.0,35.0,0.0,38.0,21.0,0.0,0.0,17.0,53.0,6.0,0.0,0.0,106.0,0.0,59.0,11.0,23.0,0.0
2067-2068,23.0,170.0,26.0,165.0,0.0,100.0,0.0,106.0,108.0,97.0,117.0,48.0,103.0,46.0,16.0,0.0,0.0,85.0,103.0,117.0,124.0,8.0,0.0,81.0,115.0,95.0,94.0,94.0,53.0,25.0,112.0,13.0,99.0,0.0,11.0,5.0,53.0,102.0,116.0,164.0,12.0,102.0,106.0,9.0,105.0,20.0,14.0,36.0,21.0,0.0,25.0,88.0,24.0,52.0,24.0,119.0,0.0,22.0,108.0,9.0,90.0,95.0,63.0,95.0,23.0,142.0,23.0,68.0
2068-2069,86.0,88.0,95.0,69.0,174.0,63.0,88.0,115.0,136.0,44.0,119.0,102.0,105.0,60.0,99.0,109.0,80.0,120.0,66.0,0.0,81.0,75.0,42.0,123.0,132.0,54.0,51.0,5.0,92.0,0.0,88.0,41.0,113.0,81.0,106.0,89.0,77.0,78.0,11.0,114.0,0.0,69.0,13.0,105.0,30.0,76.0,43.0,20.0,0.0,93.0,89.0,35.0,68.0,1.0,84.0,0.0,31.0,23.0,0.0,141.0,57.0,3.0,67.0,0.0,7.0,39.0,0.0,20.0
2069-2070,166.0,95.0,119.0,2.0,75.0,46.0,115.0,0.0,5.0,116.0,121.0,102.0,100.0,72.0,91.0,98.0,101.0,6.0,35.0,53.0,0.0,139.0,0.0,58.0,80.0,90.0,105.0,84.0,78.0,0.0,150.0,93.0,95.0,118.0,87.0,0.0,48.0,98.0,0.0,123.0,0.0,16.0,22.0,97.0,0.0,0.0,119.0,77.0,48.0,55.0,43.0,49.0,46.0,114.0,62.0,90.0,70.0,0.0,38.0,56.0,19.0,68.0,5.0,0.0,0.0,0.0,18.0,45.0
2070-2071,3.0,3.0,156.0,98.0,32.0,96.0,105.0,150.0,62.0,0.0,71.0,88.0,107.0,0.0,110.0,81.0,83.0,10.0,0.0,91.0,18.0,71.0,43.0,110.0,0.0,129.0,61.0,109.0,61.0,44.0,29.0,111.0,109.0,0.0,83.0,100.0,74.0,45.0,34.0,45.0,80.0,75.0,68.0,34.0,84.0,0.0,24.0,15.0,88.0,0.0,35.0,61.0,0.0,2.0,0.0,36.0,33.0,79.0,0.0,8.0,0.0,0.0,63.0,0.0,0.0,25.0,50.0,8.0
2071-2072,97.0,122.0,81.0,0.0,33.0,76.0,12.0,48.0,113.0,55.0,115.0,20.0,43.0,58.0,21.0,0.0,0.0,40.0,56.0,0.0,92.0,30.0,62.0,39.0,47.0,76.0,21.0,63.0,1.0,96.0,52.0,97.0,0.0,99.0,54.0,0.0,0.0,132.0,0.0,0.0,0.0,0.0,58.0,42.0,0.0,0.0,0.0,85.0,0.0,71.0,81.0,23.0,4.0,0.0,2.0,0.0,0.0,32.0,0.0,0.0,7.0,0.0,22.0,88.0,20.0,14.0,36.0,23.0
2072-2073,41.0,22.0,89.0,115.0,67.0,112.0,111.0,0.0,31.0,34.0,110.0,80.0,53.0,5.0,43.0,30.0,56.0,42.0,16.0,55.0,10.0,40.0,80.0,77.0,53.0,59.0,118.0,15.0,47.0,92.0,85.0,40.0,60.0,73.0,49.0,70.0,60.0,4.0,54.0,21.0,0.0,43.0,73.0,59.0,18.0,97.0,86.0,0.0,77.0,48.0,4.0,0.0,67.0,35.0,0.0,74.0,0.0,0.0,8.0,56.0,52.0,74.0,65.0,105.0,89.0,0.0,63.0,5.0
2073-2074,80.0,110.0,75.0,118.0,102.0,90.0,91.0,24.0,76.0,70.0,72.0,97.0,69.0,31.0,14.0,70.0,67.0,71.0,59.0,31.0,33.0,15.0,44.0,54.0,60.0,47.0,39.0,61.0,20.0,24.0,47.0,11.0,22.0,49.0,24.0,67.0,30.0,26.0,0.0,15.0,2.0,38.0,0.0,1.0,0.0,0.0,24.0,0.0,0.0,0.0,0.0,0.0,9.0,63.0,67.0,0.0,40.0,50.0,8.0,0.0,0.0,27.0,47.0,0.0,11.0,62.0,0.0,0.0
2074-2075,110.0,63.0,25.0,0.0,4.0,83.0,62.0,37.0,79.0,100.0,72.0,72.0,0.0,46.0,12.0,0.0,45.0,39.0,10.0,53.0,50.0,41.0,32.0,65.0,15.0,98.0,98.0,75.0,23.0,110.0,56.0,29.0,44.0,0.0,51.0,22.0,30.0,0.0,4.0,32.0,35.0,0.0,50.0,41.0,75.0,50.0,47.0,4.0,17.0,45.0,55.0,8.0,57.0,0.0,0.0,0.0,20.0,2.0,0.0,83.0,73.0,50.0,67.0,0.0,83.0,89.0,47.0,1.0
2075-2076,0.0,88.0,50.0,70.0,0.0,0.0,51.0,61.0,0.0,0.0,41.0,61.0,77.0,20.0,0.0,59.0,0.0,0.0,0.0,0.0,32.0,18.0,83.0,21.0,42.0,35.0,0.0,19.0,9.0,0.0,79.0,26.0,25.0,0.0,36.0,19.0,4.0,16.0,0.0,0.0,10.0,33.0,0.0,0.0,52.0,0.0,83.0,46.0,29.0,0.0,48.0,0.0,52.0,35.0,0.0,29.0,0.0,0.0,0.0,0.0,50.0,0.0,0.0,36.0,0.0,44.0,0.0,12.0
2076-2077,3.0,36.0,28.0,7.0,0.0,0.0,113.0,33.0,0.0,7.0,39.0,0.0,33.0,53.0,0.0,47.0,37.0,34.0,0.0,47.0,0.0,5.0,0.0,0.0,0.0,0.0,55.0,0.0,0.0,69.0,0.0,30.0,33.0,0.0,7.0,53.0,0.0,2.0,41.0,51.0,12.0,46.0,0.0,7.0,47.0,0.0,22.0,0.0,0.0,32.0,44.0,0.0,0.0,6.0,37.0,28.0,50.0,47.0,0.0,0.0,10.0,0.0,24.0,28.0,24.0,0.0,0.0,28.0
2077-2078,0.0,0.0,0.0,0.0,3.0,0.0,0.0,0.0,0.0,54.0,9.0,0.0,0.0,11.0,0.0,5.0,0.0,16.0,37.0,0.0,8.0,0.0,0.0,0.0,23.0,25.0,24.0,39.0,0.0,0.0,0.0,7.0,11.0,16.0,0.0,0.0,0.0,19.0,20.0,0.0,41.0,0.0,0.0,0.0,32.0,0.0,0.0,0.0,10.0,0.0,3.0,0.0,0.0,6.0,0.0,17.0,0.0,10.0,0.0,0.0,0.0,0.0,4.0,0.0,11.0,0.0,0.0,0.0
2078-2079,0.0,0.0,21.0,0.0,0.0,11.0,0.0,32.0,0.0,0.0,30.0,0.0,0.0,10.0,0.0,0.0,0.0,0.0,4.0,0.0,0.0,0.0,0.0,3.0,0.0,0.0,0.0,0.0,0.0,0.0,6.0,0.0,0.0,0.0,0.0,0.0,0.0,0.0,0.0,0.0,0.0,0.0,9.0,0.0,0.0,0.0,0.0,0.0,0.0,0.0,0.0,0.0,36.0,0.0,0.0,0.0,0.0,0.0,0.0,0.0,0.0,0.0,0.0,0.0,21.0,16.0,0.0,0.0
2079-2080,0.0,0.0,0.0,0.0,31.0,0.0,16.0,0.0,0.0,0.0,33.0,0.0,0.0,0.0,0.0,0.0,0.0,0.0,0.0,0.0,0.0,0.0,0.0,0.0,0.0,0.0,22.0,0.0,0.0,0.0,0.0,0.0,0.0,5.0,0.0,2.0,0.0,0.0,0.0,0.0,0.0,0.0,0.0,0.0,0.0,0.0,0.0,0.0,0.0,0.0,0.0,0.0,0.0,0.0,0.0,0.0,0.0,0.0,0.0,0.0,0.0,0.0,0.0,0.0,0.0,0.0,0.0,0.0
2080-2081,4.0,0.0,0.0,0.0,26.0,0.0,0.0,0.0,0.0,0.0,0.0,0.0,0.0,0.0,0.0,0.0,0.0,0.0,0.0,0.0,0.0,0.0,0.0,0.0,0.0,0.0,0.0,0.0,0.0,0.0,0.0,0.0,0.0,0.0,0.0,10.0,0.0,0.0,0.0,0.0,0.0,0.0,0.0,0.0,0.0,16.0,0.0,0.0,0.0,4.0,0.0,0.0,0.0,0.0,0.0,0.0,0.0,0.0,0.0,0.0,0.0,0.0,0.0,0.0,0.0,0.0,0.0,0.0
2081-2082,0.0,0.0,0.0,0.0,0.0,0.0,0.0,0.0,0.0,0.0,17.0,0.0,0.0,0.0,0.0,0.0,0.0,0.0,0.0,0.0,0.0,0.0,0.0,0.0,0.0,0.0,0.0,0.0,0.0,0.0,0.0,0.0,0.0,0.0,0.0,0.0,0.0,0.0,0.0,0.0,0.0,0.0,0.0,0.0,0.0,0.0,0.0,0.0,0.0,0.0,0.0,0.0,0.0,0.0,0.0,0.0,0.0,0.0,0.0,0.0,0.0,1.0,0.0,0.0,0.0,0.0,0.0,0.0
2082-2083,0.0,0.0,0.0,0.0,0.0,0.0,0.0,0.0,0.0,0.0,0.0,0.0,0.0,0.0,0.0,0.0,0.0,0.0,0.0,0.0,0.0,0.0,0.0,0.0,0.0,0.0,0.0,0.0,0.0,0.0,0.0,0.0,0.0,0.0,0.0,0.0,0.0,0.0,0.0,0.0,0.0,0.0,0.0,0.0,0.0,0.0,0.0,0.0,0.0,0.0,0.0,0.0,0.0,0.0,0.0,0.0,0.0,0.0,0.0,0.0,0.0,0.0,0.0,0.0,0.0,0.0,0.0,0.0
2083-2084,0.0,0.0,0.0,0.0,8.0,20.0,0.0,1.0,0.0,0.0,18.0,2.0,0.0,0.0,0.0,0.0,0.0,0.0,0.0,0.0,0.0,0.0,0.0,0.0,0.0,0.0,0.0,0.0,0.0,0.0,0.0,0.0,0.0,0.0,0.0,0.0,0.0,0.0,0.0,0.0,0.0,0.0,0.0,0.0,0.0,0.0,0.0,0.0,0.0,0.0,0.0,0.0,0.0,0.0,0.0,0.0,0.0,0.0,0.0,0.0,0.0,0.0,0.0,0.0,0.0,0.0,0.0,0.0
2084-2085,0.0,0.0,0.0,0.0,7.0,0.0,1.0,7.0,5.0,9.0,0.0,1.0,0.0,0.0,0.0,0.0,0.0,0.0,0.0,0.0,0.0,0.0,0.0,0.0,0.0,0.0,0.0,0.0,1.0,0.0,0.0,0.0,6.0,0.0,0.0,0.0,0.0,0.0,0.0,0.0,0.0,0.0,0.0,0.0,0.0,0.0,0.0,0.0,0.0,0.0,0.0,0.0,0.0,0.0,0.0,0.0,0.0,0.0,0.0,0.0,0.0,0.0,0.0,0.0,0.0,0.0,0.0,0.0
2085-2086,9.0,23.0,9.0,16.0,10.0,22.0,0.0,34.0,13.0,10.0,22.0,3.0,0.0,3.0,28.0,0.0,12.0,0.0,22.0,5.0,0.0,4.0,17.0,13.0,0.0,30.0,0.0,7.0,21.0,10.0,4.0,0.0,0.0,19.0,0.0,11.0,0.0,0.0,0.0,0.0,0.0,0.0,0.0,0.0,0.0,0.0,0.0,0.0,0.0,0.0,0.0,0.0,0.0,0.0,0.0,0.0,0.0,0.0,0.0,0.0,0.0,0.0,0.0,0.0,0.0,0.0,0.0,15.0
2086-2087,8.0,24.0,30.0,25.0,32.0,23.0,18.0,35.0,2.0,5.0,0.0,16.0,0.0,4.0,29.0,0.0,0.0,0.0,0.0,37.0,0.0,0.0,0.0,0.0,18.0,0.0,38.0,0.0,26.0,0.0,20.0,14.0,29.0,0.0,1.0,15.0,8.0,0.0,0.0,0.0,0.0,0.0,0.0,0.0,0.0,0.0,0.0,0.0,0.0,0.0,0.0,0.0,0.0,0.0,0.0,0.0,0.0,0.0,0.0,0.0,0.0,0.0,0.0,0.0,0.0,1.0,0.0,0.0
2087-2088,48.0,39.0,60.0,26.0,48.0,56.0,0.0,30.0,65.0,55.0,23.0,46.0,43.0,8.0,16.0,38.0,31.0,28.0,0.0,10.0,44.0,23.0,25.0,24.0,50.0,0.0,0.0,35.0,0.0,18.0,9.0,19.0,22.0,4.0,33.0,0.0,0.0,0.0,0.0,0.0,0.0,0.0,0.0,0.0,0.0,0.0,0.0,0.0,0.0,0.0,0.0,0.0,0.0,0.0,0.0,0.0,22.0,0.0,0.0,0.0,0.0,0.0,0.0,5.0,0.0,0.0,0.0,0.0
2088-2089,50.0,30.0,44.0,50.0,43.0,31.0,48.0,56.0,62.0,12.0,61.0,60.0,52.0,47.0,33.0,34.0,10.0,0.0,36.0,19.0,22.0,32.0,27.0,0.0,33.0,27.0,3.0,30.0,0.0,1.0,68.0,0.0,39.0,0.0,49.0,40.0,0.0,0.0,0.0,0.0,0.0,0.0,26.0,0.0,0.0,0.0,0.0,0.0,3.0,0.0,0.0,0.0,0.0,20.0,0.0,0.0,0.0,0.0,0.0,0.0,0.0,0.0,0.0,17.0,0.0,0.0,0.0,0.0
2089-2090,79.0,68.0,62.0,47.0,11.0,81.0,64.0,65.0,58.0,45.0,56.0,63.0,47.0,27.0,49.0,71.0,32.0,59.0,0.0,2.0,20.0,27.0,10.0,7.0,10.0,68.0,0.0,0.0,0.0,20.0,42.0,48.0,28.0,45.0,27.0,61.0,78.0,0.0,0.0,0.0,0.0,0.0,0.0,0.0,0.0,4.0,0.0,0.0,14.0,0.0,0.0,0.0,1.0,0.0,0.0,0.0,0.0,0.0,0.0,0.0,0.0,0.0,0.0,0.0,0.0,0.0,0.0,35.0
2090-2091,76.0,5.0,59.0,58.0,0.0,7.0,50.0,37.0,81.0,76.0,92.0,47.0,0.0,0.0,0.0,77.0,51.0,0.0,56.0,0.0,51.0,53.0,15.0,0.0,0.0,0.0,9.0,39.0,37.0,0.0,73.0,45.0,33.0,51.0,0.0,60.0,10.0,9.0,0.0,0.0,0.0,3.0,0.0,0.0,0.0,0.0,0.0,0.0,15.0,0.0,0.0,0.0,0.0,0.0,0.0,3.0,0.0,0.0,0.0,0.0,0.0,0.0,40.0,0.0,0.0,0.0,0.0,0.0
2091-2092,16.0,53.0,38.0,73.0,79.0,32.0,101.0,87.0,62.0,67.0,67.0,36.0,69.0,91.0,0.0,0.0,65.0,68.0,77.0,0.0,0.0,54.0,25.0,61.0,0.0,86.0,54.0,0.0,67.0,43.0,0.0,43.0,75.0,95.0,60.0,93.0,50.0,0.0,0.0,0.0,0.0,0.0,6.0,0.0,0.0,0.0,0.0,0.0,0.0,0.0,0.0,32.0,0.0,0.0,19.0,37.0,0.0,0.0,0.0,0.0,0.0,0.0,0.0,33.0,0.0,0.0,16.0,0.0
2092-2093,38.0,107.0,96.0,79.0,91.0,57.0,76.0,98.0,11.0,81.0,48.0,94.0,0.0,0.0,0.0,0.0,0.0,53.0,0.0,95.0,0.0,51.0,89.0,0.0,0.0,0.0,54.0,22.0,0.0,49.0,85.0,71.0,3.0,96.0,77.0,9.0,0.0,0.0,0.0,0.0,0.0,0.0,0.0,0.0,0.0,0.0,0.0,24.0,0.0,0.0,0.0,0.0,0.0,0.0,0.0,0.0,0.0,0.0,0.0,0.0,0.0,0.0,0.0,0.0,0.0,0.0,0.0,0.0
2093-2094,0.0,129.0,123.0,5.0,131.0,74.0,130.0,102.0,144.0,110.0,72.0,102.0,100.0,93.0,82.0,18.0,77.0,86.0,93.0,88.0,97.0,90.0,93.0,105.0,36.0,92.0,0.0,97.0,91.0,75.0,17.0,0.0,112.0,105.0,98.0,51.0,37.0,19.0,0.0,53.0,0.0,0.0,0.0,53.0,0.0,25.0,0.0,3.0,0.0,29.0,0.0,4.0,0.0,22.0,37.0,0.0,0.0,0.0,21.0,0.0,0.0,87.0,0.0,0.0,0.0,64.0,0.0,19.0
2094-2095,51.0,131.0,125.0,53.0,103.0,78.0,133.0,106.0,72.0,98.0,96.0,23.0,0.0,0.0,28.0,91.0,62.0,26.0,34.0,0.0,0.0,32.0,67.0,48.0,32.0,130.0,54.0,117.0,123.0,26.0,94.0,0.0,24.0,121.0,0.0,0.0,110.0,40.0,0.0,32.0,37.0,0.0,27.0,0.0,0.0,0.0,64.0,11.0,0.0,10.0,0.0,9.0,1.0,0.0,0.0,0.0,1.0,0.0,16.0,17.0,0.0,0.0,0.0,49.0,0.0,0.0,0.0,13.0
2095-2096,94.0,73.0,142.0,116.0,81.0,126.0,59.0,23.0,66.0,42.0,93.0,87.0,124.0,13.0,17.0,116.0,44.0,17.0,96.0,106.0,27.0,99.0,60.0,116.0,0.0,7.0,72.0,54.0,123.0,47.0,0.0,56.0,100.0,45.0,45.0,41.0,113.0,0.0,0.0,0.0,0.0,0.0,48.0,38.0,10.0,9.0,0.0,0.0,102.0,0.0,0.0,0.0,0.0,0.0,0.0,0.0,0.0,3.0,79.0,51.0,7.0,0.0,21.0,0.0,0.0,0.0,0.0,0.0
2096-2097,110.0,15.0,108.0,38.0,157.0,153.0,141.0,0.0,155.0,20.0,69.0,0.0,71.0,0.0,53.0,76.0,16.0,35.0,61.0,86.0,89.0,22.0,136.0,108.0,0.0,0.0,150.0,89.0,23.0,144.0,86.0,73.0,108.0,70.0,74.0,48.0,88.0,80.0,22.0,56.0,48.0,0.0,0.0,0.0,5.0,40.0,0.0,0.0,0.0,55.0,71.0,36.0,0.0,22.0,0.0,60.0,0.0,0.0,0.0,47.0,83.0,57.0,52.0,4.0,83.0,0.0,0.0,0.0
2097-2098,77.0,45.0,117.0,136.0,13.0,57.0,112.0,115.0,132.0,104.0,158.0,82.0,67.0,97.0,2.0,0.0,61.0,0.0,0.0,95.0,36.0,33.0,55.0,73.0,4.0,69.0,11.0,114.0,0.0,133.0,0.0,49.0,28.0,76.0,99.0,132.0,80.0,0.0,9.0,0.0,0.0,0.0,0.0,2.0,30.0,0.0,0.0,0.0,30.0,0.0,0.0,0.0,0.0,0.0,0.0,6.0,0.0,0.0,0.0,0.0,0.0,0.0,0.0,0.0,0.0,0.0,0.0,0.0
2098-2099,174.0,134.0,174.0,113.0,119.0,96.0,125.0,87.0,155.0,110.0,82.0,157.0,27.0,67.0,143.0,89.0,23.0,151.0,124.0,0.0,18.0,135.0,0.0,108.0,22.0,145.0,128.0,71.0,93.0,107.0,153.0,160.0,143.0,100.0,85.0,161.0,109.0,8.0,35.0,50.0,0.0,22.0,93.0,38.0,0.0,0.0,57.0,0.0,49.0,41.0,0.0,0.0,0.0,55.0,49.0,65.0,17.0,0.0,71.0,0.0,45.0,34.0,45.0,0.0,18.0,28.0,0.0,52.0
