"DATE","isOverSnowTotal"_CLMCOM-CCLM4-ECEARTH-EUR11-RCP45-pcp,"isOverSnowTotal"_CLMCOM-CCLM4-ECEARTH-EUR11-RCP85-pcp,"isOverSnowTotal"_CLMCOM-CCLM4-HADGEM-EUR11-RCP45-pcp,"isOverSnowTotal"_CLMCOM-CCLM4-HADGEM-EUR11-RCP85-pcp,"isOverSnowTotal"_CLMCOM-CCLM4-HADGEM-EUR44-RCP85-pcp,"isOverSnowTotal"_CLMCOM-CCLM4-MPIESM-EUR11-RCP45-pcp,"isOverSnowTotal"_CLMCOM-CCLM4-MPIESM-EUR11-RCP85-pcp,"isOverSnowTotal"_CLMCOM-CCLM4-MPIESM-EUR44-RCP45-pcp,"isOverSnowTotal"_CLMCOM-CCLM4-MPIESM-EUR44-RCP85-pcp,"isOverSnowTotal"_CLMCOM-CCLM5-ECEARTH-EUR44-RCP85-pcp,"isOverSnowTotal"_CLMCOM-CCLM5-HADGEM-EUR44-RCP85-pcp,"isOverSnowTotal"_CLMCOM-CCLM5-MIROC-EUR44-RCP85-pcp,"isOverSnowTotal"_CLMCOM-CCLM5-MPIESM-EUR44-RCP85-pcp,"isOverSnowTotal"_DMI-HIRHAM-ECEARTH-EUR11-RCP26-pcp,"isOverSnowTotal"_DMI-HIRHAM-ECEARTH-EUR11-RCP45-pcp,"isOverSnowTotal"_DMI-HIRHAM-ECEARTH-EUR11-RCP85-pcp,"isOverSnowTotal"_DMI-HIRHAM-ECEARTH-EUR44-RCP45-pcp,"isOverSnowTotal"_DMI-HIRHAM-ECEARTH-EUR44-RCP85-pcp,"isOverSnowTotal"_ICTP-REGCM-HADGEM-EUR44-RCP85-pcp,"isOverSnowTotal"_KNMI-RACMO-ECEARTH-EUR44-RCP45-pcp,"isOverSnowTotal"_KNMI-RACMO-ECEARTH-EUR44-RCP85-pcp,"isOverSnowTotal"_KNMI-RACMO-HADGEM-EUR44-RCP26-pcp,"isOverSnowTotal"_KNMI-RACMO-HADGEM-EUR44-RCP45-pcp,"isOverSnowTotal"_KNMI-RACMO-HADGEM-EUR44-RCP85-pcp,"isOverSnowTotal"_MPICSC-REMO1-MPIESM-EUR11-RCP26-pcp,"isOverSnowTotal"_MPICSC-REMO1-MPIESM-EUR11-RCP45-pcp,"isOverSnowTotal"_MPICSC-REMO1-MPIESM-EUR11-RCP85-pcp,"isOverSnowTotal"_MPICSC-REMO1-MPIESM-EUR44-RCP26-pcp,"isOverSnowTotal"_MPICSC-REMO1-MPIESM-EUR44-RCP45-pcp,"isOverSnowTotal"_MPICSC-REMO1-MPIESM-EUR44-RCP85-pcp,"isOverSnowTotal"_MPICSC-REMO2-MPIESM-EUR11-RCP26-pcp,"isOverSnowTotal"_MPICSC-REMO2-MPIESM-EUR11-RCP45-pcp,"isOverSnowTotal"_MPICSC-REMO2-MPIESM-EUR11-RCP85-pcp,"isOverSnowTotal"_MPICSC-REMO2-MPIESM-EUR44-RCP26-pcp,"isOverSnowTotal"_MPICSC-REMO2-MPIESM-EUR44-RCP45-pcp,"isOverSnowTotal"_MPICSC-REMO2-MPIESM-EUR44-RCP85-pcp,"isOverSnowTotal"_SMHI-RCA-CCCMA-EUR44-RCP45-pcp,"isOverSnowTotal"_SMHI-RCA-CCCMA-EUR44-RCP85-pcp,"isOverSnowTotal"_SMHI-RCA-CSIRO-EUR44-RCP45-pcp,"isOverSnowTotal"_SMHI-RCA-CSIRO-EUR44-RCP85-pcp,"isOverSnowTotal"_SMHI-RCA-ECEARTH-EUR11-RCP26-pcp,"isOverSnowTotal"_SMHI-RCA-ECEARTH-EUR11-RCP45-pcp,"isOverSnowTotal"_SMHI-RCA-ECEARTH-EUR11-RCP85-pcp,"isOverSnowTotal"_SMHI-RCA-ECEARTH-EUR44-RCP26-pcp,"isOverSnowTotal"_SMHI-RCA-ECEARTH-EUR44-RCP45-pcp,"isOverSnowTotal"_SMHI-RCA-ECEARTH-EUR44-RCP85-pcp,"isOverSnowTotal"_SMHI-RCA-GFDL-EUR44-RCP45-pcp,"isOverSnowTotal"_SMHI-RCA-GFDL-EUR44-RCP85-pcp,"isOverSnowTotal"_SMHI-RCA-HADGEM-EUR11-RCP45-pcp,"isOverSnowTotal"_SMHI-RCA-HADGEM-EUR11-RCP85-pcp,"isOverSnowTotal"_SMHI-RCA-HADGEM-EUR44-RCP26-pcp,"isOverSnowTotal"_SMHI-RCA-HADGEM-EUR44-RCP45-pcp,"isOverSnowTotal"_SMHI-RCA-HADGEM-EUR44-RCP85-pcp,"isOverSnowTotal"_SMHI-RCA-IPSL-EUR11-RCP45-pcp,"isOverSnowTotal"_SMHI-RCA-IPSL-EUR11-RCP85-pcp,"isOverSnowTotal"_SMHI-RCA-IPSL-EUR44-RCP45-pcp,"isOverSnowTotal"_SMHI-RCA-IPSL-EUR44-RCP85-pcp,"isOverSnowTotal"_SMHI-RCA-MIROC-EUR44-RCP26-pcp,"isOverSnowTotal"_SMHI-RCA-MIROC-EUR44-RCP45-pcp,"isOverSnowTotal"_SMHI-RCA-MIROC-EUR44-RCP85-pcp,"isOverSnowTotal"_SMHI-RCA-MPIESM-EUR11-RCP45-pcp,"isOverSnowTotal"_SMHI-RCA-MPIESM-EUR11-RCP85-pcp,"isOverSnowTotal"_SMHI-RCA-MPIESM-EUR44-RCP26-pcp,"isOverSnowTotal"_SMHI-RCA-MPIESM-EUR44-RCP45-pcp,"isOverSnowTotal"_SMHI-RCA-MPIESM-EUR44-RCP85-pcp,"isOverSnowTotal"_SMHI-RCA-NORESM-EUR44-RCP26-pcp,"isOverSnowTotal"_SMHI-RCA-NORESM-EUR44-RCP45-pcp,"isOverSnowTotal"_SMHI-RCA-NORESM-EUR44-RCP85-pcp
1981,1,14,95,100,64,0,0,0,0,34,33,85,9,126,122,121,112,108,97,87,93,118,115,117,0,0,0,0,1,1,117,115,118,125,124,127,148,150,0,0,0,0,0,0,0,0,156,151,115,115,120,118,118,64,64,61,61,85,79,80,24,24,11,19,21,104,100,106,166
1982,99,110,21,41,109,105,105,95,96,124,121,97,92,106,95,97,85,84,154,134,138,94,87,97,103,109,99,82,86,83,0,0,0,0,0,0,183,184,30,30,54,56,65,62,60,71,128,120,1,4,55,58,63,121,124,123,124,114,112,111,75,72,42,53,53,63,46,65,118
1983,162,171,146,147,142,112,115,148,148,166,142,131,105,113,105,106,116,111,155,136,147,145,143,150,69,85,77,54,67,57,65,62,77,91,89,96,124,125,157,157,145,146,150,157,157,159,178,171,162,163,164,164,165,42,42,21,15,102,95,100,83,82,91,103,97,118,111,119,158
1984,177,183,164,164,163,186,186,195,194,184,165,169,197,124,116,116,150,149,125,153,160,164,162,163,203,207,205,183,186,183,0,0,0,0,0,0,155,157,156,157,170,171,172,135,135,138,169,167,168,168,154,154,154,62,59,22,25,145,147,144,200,197,187,190,188,171,169,172,144
1985,131,134,60,77,23,154,155,148,148,134,73,111,157,169,166,166,163,162,71,107,123,84,60,87,138,144,141,117,121,117,88,84,89,79,76,84,187,186,136,139,132,132,133,111,111,113,141,136,13,13,1,5,1,145,145,143,142,146,142,144,185,182,163,167,166,155,151,155,161
1986,107,111,163,165,155,133,136,126,126,111,166,95,129,152,149,149,179,178,162,162,167,146,137,145,140,146,142,131,137,131,179,174,180,169,164,173,0,0,216,218,120,119,121,123,121,124,193,189,126,127,130,130,136,187,187,188,189,105,105,104,127,123,119,121,121,175,173,176,112
1987,203,208,168,171,179,81,83,68,65,213,181,188,73,157,155,154,162,162,198,140,146,180,178,180,56,70,66,77,79,78,84,81,86,84,81,92,136,142,199,201,180,182,182,208,208,211,148,146,161,165,155,160,162,147,147,136,137,167,166,166,102,101,94,99,98,141,110,134,154
1988,179,189,129,131,135,118,120,125,125,196,144,160,123,133,131,131,110,110,164,88,100,158,156,158,205,206,203,141,146,141,95,91,98,89,82,94,138,138,168,172,204,205,205,174,173,176,127,123,140,142,127,129,129,0,0,0,0,144,142,143,132,128,126,128,126,135,110,135,154
1989,150,156,146,148,132,107,109,113,111,155,156,67,93,0,0,0,0,0,151,116,129,114,112,115,175,173,166,81,87,65,188,184,188,190,188,193,3,5,129,130,178,179,180,165,165,167,80,60,127,132,138,138,140,181,180,185,184,28,14,18,71,54,77,80,66,158,157,160,133
1990,152,157,101,103,98,119,121,125,124,152,103,124,131,148,145,145,138,137,138,75,88,96,91,97,185,189,188,185,189,186,165,163,168,162,160,165,66,73,44,44,143,143,144,114,114,117,42,17,127,127,140,141,141,174,174,168,168,102,99,101,163,161,170,172,171,161,157,160,145
1991,183,186,94,98,108,85,89,104,104,182,63,166,108,155,151,151,138,137,55,125,130,89,84,94,119,121,121,128,132,131,109,105,110,102,96,106,147,149,138,138,181,181,181,169,168,170,95,88,105,107,148,147,147,90,87,33,30,155,153,153,94,94,110,114,115,141,134,145,92
1992,168,171,178,179,177,140,142,125,124,174,180,101,126,185,178,178,156,153,150,164,168,197,195,197,115,119,117,106,110,108,110,107,112,135,132,138,123,125,3,3,178,180,180,177,178,179,136,127,190,191,191,192,192,126,122,148,140,111,107,109,118,116,88,93,92,91,88,92,56
1993,121,124,169,169,175,152,154,152,152,126,167,0,148,102,97,97,104,104,129,170,175,177,176,177,92,95,92,139,144,129,145,142,148,121,116,129,166,168,156,161,95,95,96,109,108,111,132,101,180,180,185,186,185,178,179,174,174,20,20,20,140,139,92,96,93,42,30,56,148
1994,101,110,93,104,121,142,143,140,138,111,92,162,138,150,146,146,133,133,78,128,134,141,138,142,141,145,142,174,178,175,68,52,82,114,104,120,173,177,127,130,119,119,122,124,124,124,206,202,145,146,98,100,100,139,140,143,144,173,171,172,141,139,153,155,155,146,142,149,103
1995,61,78,117,118,114,110,113,119,119,75,112,114,105,163,161,161,130,130,85,74,92,122,119,122,83,87,85,85,90,86,154,152,154,140,130,146,116,122,174,175,82,82,87,102,104,118,167,164,50,50,44,44,44,152,153,158,159,126,125,125,98,97,135,138,137,98,66,103,24
1996,151,156,87,93,48,123,126,144,143,150,83,116,133,100,95,95,96,95,98,98,107,83,81,85,140,142,132,141,146,138,118,114,119,107,102,112,102,107,111,111,137,138,143,155,154,156,130,126,55,57,56,55,55,114,114,127,127,70,67,68,95,88,69,80,70,30,13,24,95
1997,120,126,0,0,0,151,152,157,156,134,0,145,160,147,143,143,172,172,0,100,107,0,0,0,159,162,160,157,159,157,61,57,67,97,93,105,112,113,29,28,140,139,142,162,161,162,0,0,0,0,0,0,0,167,167,169,170,203,207,205,163,161,147,149,148,101,88,98,124
1998,0,0,146,146,87,33,39,107,106,0,119,24,66,105,97,98,115,115,140,90,94,106,103,107,100,105,103,115,119,109,120,115,124,126,122,130,22,22,140,140,0,0,0,0,0,0,48,32,127,128,136,136,137,141,142,127,128,139,139,139,85,85,89,92,92,120,117,121,0
1999,103,105,130,132,125,76,78,77,77,103,133,135,61,142,141,141,114,114,133,88,107,66,61,68,55,62,60,122,128,122,149,143,151,139,135,140,141,142,142,145,96,96,97,95,95,96,156,149,113,115,134,134,134,143,144,125,126,90,92,90,86,83,97,103,98,3,2,2,154
2000,108,114,22,22,18,75,82,80,80,128,16,113,90,100,93,93,82,81,52,126,132,16,14,25,93,94,94,83,87,84,162,160,163,162,160,163,103,105,147,148,73,72,73,56,54,62,26,11,79,79,87,88,88,75,74,31,31,114,111,113,116,109,107,109,108,178,174,179,118
2001,13,28,173,173,159,143,144,142,141,74,172,105,132,131,129,129,82,82,152,140,148,172,170,172,151,153,152,144,147,145,165,162,165,129,126,131,64,88,8,9,0,0,0,0,0,0,101,94,178,176,154,154,154,141,140,132,130,101,99,99,117,115,125,128,127,112,100,113,121
2002,116,131,142,142,126,96,98,100,100,145,133,117,96,122,117,117,131,131,110,31,53,140,138,139,51,56,56,81,85,84,130,127,132,136,133,138,138,142,156,157,126,130,133,133,135,148,132,128,144,144,117,117,117,133,129,133,132,121,118,119,81,81,78,80,81,129,110,137,167
2003,93,109,148,149,147,104,107,117,117,146,100,115,113,5,4,4,0,0,166,0,14,46,41,49,102,108,104,113,119,113,153,150,156,168,164,171,51,63,115,115,136,137,137,168,169,170,123,119,51,55,0,0,0,158,158,148,148,119,117,118,100,97,121,124,121,158,157,159,131
2004,129,134,26,43,62,42,46,43,44,124,19,84,40,111,98,101,79,79,150,109,115,118,109,117,17,16,15,11,12,10,163,159,173,151,148,155,12,24,35,36,134,134,137,169,168,169,133,125,37,45,46,46,47,0,0,0,0,123,124,122,21,19,17,17,15,129,124,131,0
2005,23,32,162,163,141,163,164,159,158,31,151,85,161,60,51,51,76,72,155,147,154,90,86,95,166,168,168,160,164,161,105,102,107,123,117,127,161,162,82,83,73,72,77,46,46,50,114,93,148,151,150,149,150,149,149,152,151,127,124,125,189,188,181,182,180,2,0,1,120
2006,59,0,125,120,45,140,146,111,104,17,33,81,135,119,139,139,149,148,37,96,54,103,72,38,115,79,72,153,77,133,162,118,106,161,124,115,0,85,107,112,0,78,0,0,80,8,76,49,150,145,157,146,139,144,94,133,101,23,89,81,137,150,192,129,119,115,142,119,59
2007,81,0,113,162,171,117,174,129,172,0,169,97,180,57,65,66,100,100,187,170,126,120,128,152,168,119,160,165,127,195,134,102,0,134,157,0,102,11,125,147,109,58,0,69,56,0,0,137,129,156,118,117,175,12,170,0,159,168,110,104,102,185,179,109,183,19,0,68,114
2008,73,84,129,155,170,111,130,55,136,56,163,140,130,123,143,143,122,120,163,156,93,161,122,166,92,121,133,123,143,127,35,90,102,111,87,123,168,123,109,68,118,107,106,123,94,111,0,84,114,153,142,121,151,27,106,86,92,117,160,131,83,111,106,98,132,123,90,105,0
2009,149,144,140,3,19,25,96,26,105,131,19,131,112,5,181,181,202,202,49,90,130,34,138,9,157,19,161,150,14,142,83,168,154,91,168,156,97,0,80,0,113,51,147,140,95,169,48,73,127,17,108,136,63,69,29,73,65,116,110,95,80,119,140,25,128,13,149,0,76
2010,176,58,74,9,50,192,82,188,109,43,12,103,117,100,56,56,54,58,85,160,55,34,81,7,156,187,145,156,194,155,98,161,107,91,179,93,32,83,33,0,95,47,79,69,93,46,24,66,36,13,34,75,18,92,0,54,0,127,94,133,191,164,73,194,142,55,160,76,121
2011,156,55,92,84,125,81,159,70,128,59,102,140,156,86,37,8,37,7,143,149,145,143,119,41,136,125,156,111,114,161,145,151,141,170,151,158,0,34,65,65,160,34,52,137,125,36,152,137,118,96,129,130,124,123,37,114,11,38,19,108,45,159,134,33,150,70,0,121,83
2012,154,34,155,76,38,130,17,121,56,11,64,110,28,140,13,125,18,133,17,55,120,124,138,56,192,150,53,159,135,55,166,163,124,159,168,142,42,124,72,61,186,158,42,186,141,110,137,92,149,116,136,109,113,148,101,145,112,179,74,112,164,27,186,159,0,109,8,83,10
2013,105,146,167,151,150,94,128,113,124,132,154,104,127,147,164,123,173,134,149,150,113,9,129,155,64,153,117,152,91,128,80,157,140,118,155,132,0,75,136,153,167,25,176,155,86,149,131,83,87,152,0,115,144,112,101,115,91,99,58,122,86,129,131,88,121,88,131,10,150
2014,16,34,57,10,18,102,134,133,130,21,29,44,134,139,180,60,165,35,0,106,120,46,50,0,102,125,145,108,133,140,4,147,141,0,135,137,66,132,0,106,118,0,0,117,0,0,65,74,40,0,5,67,3,51,153,50,141,113,90,83,102,119,92,89,130,162,54,157,124
2015,70,140,68,134,114,170,0,163,0,106,112,153,0,171,0,95,7,113,116,146,88,109,55,90,142,172,0,125,168,0,0,115,79,0,103,71,18,14,139,142,156,86,4,145,83,77,115,42,136,36,123,105,20,152,131,138,118,79,102,144,150,0,128,173,0,40,103,124,40
2016,134,141,14,86,85,120,93,142,85,126,103,150,85,111,17,131,101,157,119,157,98,56,97,105,125,161,144,139,158,127,133,12,99,154,37,99,110,100,163,145,126,100,62,0,130,86,83,88,29,110,120,68,155,89,137,58,147,105,25,154,144,77,136,153,118,115,99,40,60
2017,118,103,114,2,0,61,33,138,50,105,0,125,50,137,123,118,134,152,0,97,148,131,16,0,29,131,18,121,83,0,93,12,104,148,44,99,117,85,53,154,107,70,81,14,123,88,140,83,70,0,120,62,0,173,140,171,131,135,112,145,131,60,102,52,41,91,146,60,0
2018,22,4,0,0,0,140,39,143,55,1,0,109,53,181,173,0,183,0,0,79,1,101,0,0,160,96,64,139,122,35,76,80,134,142,102,174,31,5,0,112,79,0,0,50,2,0,116,64,0,0,96,0,0,0,5,0,8,0,144,108,12,5,108,57,5,25,162,31,143
2019,132,130,11,58,38,126,0,134,3,132,55,120,0,179,53,161,0,160,1,162,102,101,0,70,121,137,127,116,145,134,28,147,177,61,139,155,110,0,41,116,67,103,7,112,139,9,143,156,19,7,107,49,2,113,113,116,121,0,42,131,139,37,126,143,32,131,158,141,149
2020,12,122,39,111,34,102,127,113,154,125,70,0,121,146,111,107,138,90,114,100,0,68,54,7,62,91,162,72,24,164,146,67,78,150,56,85,89,0,0,88,0,14,113,0,14,118,67,134,0,52,71,5,85,115,0,116,0,0,103,0,91,154,70,91,152,24,23,120,84
2021,77,42,104,10,55,152,142,139,122,44,40,92,148,116,109,34,134,72,0,27,63,51,52,57,82,161,208,56,157,182,71,156,117,72,162,159,112,96,24,0,3,46,2,0,141,33,73,10,72,0,72,108,0,0,129,0,123,48,64,134,121,185,100,129,152,11,0,84,69
2022,140,129,130,122,122,0,136,99,126,136,134,118,127,61,53,108,84,62,148,48,0,88,123,145,0,122,146,0,124,144,133,98,156,149,82,156,12,101,0,72,210,4,134,205,114,108,113,0,119,103,35,122,125,155,100,162,82,55,2,0,0,95,0,88,134,30,20,73,30
2023,4,120,106,101,56,138,148,127,144,119,81,27,127,105,62,116,65,147,55,67,137,53,79,75,143,141,108,103,144,125,96,8,113,92,6,75,82,9,5,51,109,22,142,119,0,139,0,106,10,42,101,56,56,119,78,109,87,0,108,22,148,135,61,137,124,103,40,26,38
2024,134,65,101,39,49,141,121,123,132,76,59,116,147,181,169,59,165,68,0,13,132,0,100,41,165,115,98,145,122,106,69,0,69,78,0,107,132,6,154,55,150,122,109,139,66,49,0,135,61,59,27,119,39,119,84,115,89,139,113,119,113,137,150,105,124,89,108,38,16
2025,116,16,38,0,16,14,142,20,139,9,0,152,137,105,97,129,102,153,17,107,134,33,0,0,29,42,134,3,8,122,0,195,118,0,170,120,79,0,120,105,175,96,14,176,95,18,81,5,8,0,25,26,0,141,119,136,134,53,164,129,7,125,96,3,127,119,52,25,160
2026,43,0,0,69,73,150,0,152,0,0,84,1,0,87,137,0,157,4,42,23,84,85,0,75,186,160,0,175,152,0,116,118,125,111,97,155,104,0,122,171,136,73,0,131,83,0,15,0,52,71,137,95,80,79,114,84,116,12,50,0,140,0,159,153,0,99,100,153,0
2027,55,52,87,103,121,173,60,170,68,56,98,76,62,28,181,168,178,154,129,110,84,126,104,81,167,172,68,160,181,81,163,108,121,151,68,129,47,57,44,52,92,89,38,114,61,48,103,86,99,118,137,107,121,70,163,87,163,118,3,63,177,0,170,167,30,79,114,0,0
2028,42,148,17,67,44,151,12,141,5,124,41,0,4,129,147,162,176,165,91,75,50,64,45,96,100,158,47,77,153,81,141,0,150,117,0,153,66,84,87,29,138,84,96,132,83,16,45,88,55,92,1,60,112,181,125,174,125,0,14,0,151,52,48,137,67,76,38,0,0
2029,154,175,0,0,103,8,73,41,79,161,72,56,79,184,125,80,144,105,0,82,156,89,19,16,120,10,74,122,41,68,145,79,96,155,91,157,122,81,136,35,104,157,165,94,151,149,71,2,0,36,107,48,75,0,119,0,117,10,175,45,5,95,66,23,99,26,152,0,89
2030,98,154,39,133,137,38,55,52,86,159,142,100,73,155,88,167,104,140,92,44,45,24,0,153,173,15,116,131,29,80,159,162,122,149,155,133,0,92,13,159,33,103,135,22,95,124,88,72,0,129,79,22,112,88,69,114,68,58,8,104,0,76,77,7,62,48,142,89,133
2031,54,115,102,22,15,62,122,112,129,120,14,8,115,68,143,91,155,81,11,97,0,56,84,16,144,0,169,116,0,170,4,151,116,52,151,76,25,0,104,134,50,83,102,78,52,88,20,97,71,0,29,89,0,0,187,0,182,20,165,38,72,132,100,42,126,12,28,147,6
2032,93,80,7,100,94,74,97,60,115,106,64,105,107,154,29,64,58,152,97,128,33,1,35,91,85,72,129,7,69,113,94,120,0,102,106,2,49,0,94,73,124,91,65,91,28,62,98,12,19,86,0,20,10,16,11,0,12,107,152,121,85,73,0,52,90,93,0,6,53
2033,19,92,170,52,64,144,129,122,134,78,68,160,135,51,91,17,3,42,0,49,140,123,174,62,0,144,137,0,146,140,173,183,85,196,197,89,0,25,74,23,46,0,101,75,0,104,27,91,180,50,72,175,55,95,2,70,0,44,0,190,117,135,0,116,137,163,0,53,94
2034,106,24,0,26,68,30,21,99,9,0,42,138,15,132,143,0,148,0,99,123,52,43,3,54,9,89,0,0,88,0,103,81,125,150,129,105,94,50,0,94,6,0,0,3,27,0,132,0,0,17,31,10,43,103,57,88,58,128,124,136,0,0,0,18,0,133,98,94,3
2035,58,124,134,31,0,64,75,26,86,71,5,71,96,26,99,0,114,0,34,80,87,0,127,0,0,48,124,0,35,117,180,112,143,159,102,152,69,0,0,69,134,89,71,102,93,79,21,97,113,3,0,146,0,87,7,67,35,135,89,33,50,108,0,60,115,0,0,3,60
2036,33,121,78,141,141,17,14,46,0,101,143,74,67,13,0,36,0,64,132,111,99,0,97,123,103,108,65,103,39,22,95,144,176,80,142,156,0,0,92,95,114,39,87,158,54,126,38,23,113,150,92,100,141,118,180,116,172,4,68,107,0,127,85,9,120,82,121,60,0
2037,141,0,7,81,105,0,128,28,111,0,102,0,123,97,0,96,0,106,32,129,33,84,14,82,0,14,117,0,18,110,143,0,131,154,0,126,98,0,6,0,68,114,0,124,119,0,70,17,0,105,80,4,98,0,136,0,123,30,24,0,4,144,0,15,140,110,169,0,0
2038,36,10,10,5,28,67,30,79,27,44,59,0,34,90,0,88,0,84,0,107,0,87,0,5,175,96,36,161,21,44,113,15,60,130,28,55,117,119,106,22,0,58,0,46,21,0,53,0,0,0,125,0,0,87,0,68,0,138,41,0,29,37,151,43,30,104,38,0,96
2039,0,0,37,3,2,70,72,82,87,0,0,11,102,32,142,82,140,88,16,80,0,8,36,0,161,95,97,156,66,47,36,0,144,44,0,140,0,0,65,0,51,5,0,133,6,0,0,124,0,0,0,0,0,0,102,3,104,154,51,0,52,0,161,73,0,0,58,96,0
2040,118,119,2,94,106,13,101,12,98,98,103,0,96,95,79,27,57,27,62,129,0,126,0,66,81,16,94,67,11,90,64,17,113,76,109,89,0,19,89,0,127,135,105,138,146,88,1,58,0,113,110,0,116,12,0,96,0,84,0,0,3,85,45,4,68,0,9,0,54
2041,110,0,11,0,0,128,117,140,122,0,0,24,120,109,98,119,94,110,0,0,111,111,13,0,26,144,134,26,135,131,55,138,91,27,162,115,3,48,35,0,15,122,0,32,102,39,37,42,0,0,113,15,0,49,0,41,0,29,128,16,137,105,87,137,101,9,32,54,0
2042,36,92,0,39,38,97,108,100,69,89,41,90,74,3,23,103,9,99,70,82,90,159,9,71,68,112,51,65,117,34,216,0,120,198,70,125,0,0,120,0,0,0,74,0,0,82,82,87,0,31,171,73,38,102,125,104,121,18,142,101,58,29,76,117,24,119,0,14,135
2043,105,50,63,0,0,7,38,8,46,0,0,0,38,145,139,85,155,112,0,74,13,83,83,0,155,10,73,125,17,36,153,0,13,142,0,16,0,27,0,64,80,24,0,111,0,11,130,40,62,0,142,0,0,0,12,0,13,126,127,7,21,47,114,16,32,0,119,121,35
2044,135,0,31,15,94,143,5,136,0,0,52,116,0,35,126,79,111,80,0,6,3,20,0,0,0,142,7,0,142,0,111,63,124,103,73,124,0,70,47,76,95,116,0,57,85,0,122,96,0,59,84,0,75,0,0,0,0,45,0,81,116,0,0,128,0,120,42,35,0
2045,114,0,76,114,123,17,13,73,0,0,143,40,0,0,100,119,115,159,153,0,33,18,74,135,151,110,0,116,83,0,155,101,82,148,97,0,31,94,0,4,36,35,0,92,42,0,63,0,86,151,0,97,153,37,25,5,12,0,0,11,1,0,75,0,0,96,0,0,117
2046,129,0,93,77,93,31,140,92,136,0,84,121,120,97,18,0,40,0,94,0,143,38,38,70,127,27,144,130,30,138,29,50,99,60,43,97,0,7,23,0,17,128,0,8,119,0,0,0,69,44,34,73,32,94,73,65,27,75,120,120,55,106,38,50,113,99,0,117,124
2047,63,115,0,70,72,128,87,121,69,108,65,0,95,73,138,59,153,115,45,9,65,23,0,17,90,136,108,83,109,91,109,0,112,101,0,124,51,117,137,16,142,76,75,121,83,78,131,90,0,48,6,3,62,130,142,134,125,0,6,3,120,63,22,118,47,0,0,124,0
2048,106,150,6,148,141,16,24,14,54,128,144,0,48,83,0,8,0,106,108,112,116,19,0,114,0,20,91,110,22,65,165,8,0,156,17,0,0,2,0,0,137,104,136,101,109,93,30,84,9,116,45,0,97,44,145,44,123,23,47,0,19,79,66,13,82,64,103,0,37
2049,113,13,0,105,69,123,95,142,76,5,105,130,121,25,110,144,85,118,79,0,48,129,0,53,7,162,128,0,164,133,98,55,54,105,60,69,0,10,13,80,36,28,0,27,15,0,5,49,0,49,93,49,54,41,26,0,66,177,0,121,152,119,0,148,133,65,0,37,0
2050,0,2,36,79,71,36,119,51,111,0,63,5,121,113,23,116,42,92,122,136,124,0,2,0,132,28,140,138,0,136,0,10,33,28,94,44,0,40,126,0,59,0,0,88,0,0,117,55,33,5,0,66,22,7,0,0,0,96,0,0,23,104,9,26,108,29,58,0,100
2051,59,0,16,99,110,126,0,126,4,0,110,0,0,92,131,93,167,62,145,71,0,105,0,47,110,80,113,108,118,68,53,33,21,6,31,17,56,0,36,113,3,38,0,2,57,0,40,0,19,99,108,7,107,37,0,44,0,30,63,0,102,0,100,105,6,81,0,100,0
2052,91,0,92,0,0,111,140,119,137,0,0,0,139,111,24,0,20,0,0,117,95,0,19,0,179,138,99,162,140,97,79,91,26,104,75,41,96,0,125,34,82,114,0,54,105,0,0,58,85,0,0,15,0,151,0,144,0,0,54,0,113,120,169,133,131,73,115,0,0
2053,9,43,88,0,0,8,70,18,56,34,0,0,32,142,72,0,115,0,0,28,87,0,64,0,125,0,37,137,0,36,73,61,144,94,47,143,67,8,73,37,121,30,20,139,28,0,0,62,113,0,0,130,0,129,0,116,0,109,16,0,0,11,83,0,0,71,116,0,89
2054,13,61,4,0,0,24,21,98,94,68,0,107,95,116,88,0,105,0,0,128,2,0,0,0,0,98,131,0,98,135,151,1,43,150,34,27,0,3,13,0,172,22,36,167,36,17,0,5,0,0,0,2,7,115,0,94,0,0,94,81,103,71,0,107,102,10,0,89,47
2055,9,126,0,111,113,94,6,102,5,125,114,96,3,104,93,24,77,42,33,0,153,0,0,83,107,121,29,69,111,22,97,20,0,128,65,0,68,26,3,113,0,21,116,0,0,48,123,0,0,109,0,0,119,21,0,35,0,9,97,107,85,0,107,60,3,99,0,47,23
2056,105,0,0,83,90,44,91,36,110,0,88,0,108,168,0,0,8,0,119,0,94,50,0,52,143,111,134,135,101,106,123,0,65,128,32,64,0,0,0,127,5,36,0,6,38,0,0,145,0,83,98,0,88,6,23,10,25,36,8,0,62,49,61,43,33,112,0,23,138
2057,138,37,106,0,0,13,0,16,0,0,0,41,0,139,86,0,95,8,0,146,0,100,8,0,193,24,0,181,47,0,137,40,0,124,111,0,1,0,27,0,157,36,0,148,90,0,0,50,59,0,115,103,0,101,0,99,0,80,98,64,31,0,146,0,0,112,0,138,69
2058,93,15,19,0,0,0,4,7,0,0,0,0,0,19,31,42,18,52,0,115,93,112,0,0,95,58,0,91,104,0,83,0,165,79,25,168,50,49,20,32,77,53,95,70,85,0,41,52,1,0,133,6,0,0,0,70,0,158,9,0,120,0,0,10,39,71,123,69,90
2059,0,0,25,0,0,146,0,181,9,20,0,0,8,137,0,13,0,8,0,9,0,46,0,0,102,205,11,115,200,16,141,0,152,138,0,149,108,79,0,0,0,0,22,0,0,0,153,0,90,0,73,33,0,48,24,65,25,42,0,0,164,8,138,153,0,0,17,90,16
2060,0,0,19,0,0,90,59,119,62,0,0,6,28,70,0,77,80,24,0,119,0,149,0,0,0,129,6,0,125,38,65,0,0,72,0,0,0,100,48,90,11,0,0,17,0,0,0,0,0,0,119,0,0,125,41,111,95,16,0,0,78,15,0,90,55,30,24,16,0
2061,80,69,0,0,0,5,0,29,0,77,31,33,0,93,157,2,149,94,0,97,4,112,0,0,119,53,0,105,57,0,135,61,79,123,59,51,0,10,0,78,71,0,79,91,0,73,16,0,0,0,118,0,0,4,0,7,3,141,0,30,0,0,115,0,0,3,5,0,0
2062,85,125,0,14,31,76,12,54,23,128,25,0,0,27,92,0,91,0,0,111,76,17,0,0,96,66,62,77,65,67,116,70,136,109,111,143,0,0,0,9,63,15,92,76,77,39,33,0,0,0,0,0,7,0,0,0,0,83,0,5,47,0,76,67,1,0,0,0,0
2063,10,0,0,14,32,8,42,35,29,0,25,51,25,168,108,67,104,48,0,88,124,0,0,5,0,0,0,0,0,0,16,0,67,68,0,74,8,0,0,76,146,0,0,123,0,0,0,0,0,0,0,0,2,25,0,0,0,59,32,0,0,0,0,0,0,47,37,0,0
2064,134,63,81,16,14,93,0,132,0,62,13,151,0,120,0,16,0,19,12,19,0,102,12,0,51,104,0,1,102,0,4,0,28,4,20,7,0,0,6,57,120,122,0,115,123,0,99,0,70,0,131,83,0,148,0,122,0,63,69,142,105,0,1,31,0,145,44,0,0
2065,46,19,19,53,48,18,41,26,39,27,52,25,48,119,36,20,32,21,82,32,3,96,0,45,12,149,89,15,89,53,131,44,0,140,35,0,0,6,100,56,40,42,19,110,43,19,106,0,0,60,74,0,37,0,80,0,71,0,0,0,127,10,9,29,8,80,29,0,0
2066,0,126,0,28,4,77,95,91,75,120,43,0,87,100,0,143,0,144,0,54,5,111,0,0,90,71,132,95,108,85,93,74,0,87,53,0,13,0,90,45,30,0,122,61,0,115,88,0,0,20,148,0,50,0,0,0,0,96,4,0,79,137,98,42,124,0,0,0,66
2067,1,0,0,0,0,0,84,0,72,0,0,32,78,113,5,57,21,74,0,118,5,59,0,0,103,0,55,115,10,23,0,97,0,0,104,0,104,0,16,0,66,0,0,83,0,0,0,0,0,0,48,0,0,115,0,123,0,0,128,9,0,89,51,0,69,54,146,66,0
2068,41,62,9,0,0,91,60,95,67,58,0,0,63,88,81,0,125,43,0,11,0,0,0,0,0,81,74,0,74,57,160,74,81,168,73,73,35,0,59,10,19,0,49,6,18,21,52,1,0,0,10,0,0,115,0,115,0,0,166,0,30,0,5,41,26,57,19,0,0
2069,53,0,0,0,18,97,0,102,0,0,58,104,0,195,101,0,98,10,63,47,6,111,0,0,68,104,23,71,94,4,0,47,0,127,43,0,0,0,0,0,0,87,0,0,94,0,0,0,0,15,98,0,68,104,0,110,0,74,0,65,81,8,0,78,0,0,0,0,0
2070,35,0,0,0,6,85,0,44,0,0,0,0,0,173,102,69,97,61,35,0,0,76,0,0,98,61,23,98,20,2,55,92,32,60,105,33,32,0,14,0,73,59,0,82,0,0,7,18,0,59,110,0,0,30,0,0,0,0,17,0,75,0,92,29,0,35,0,0,0
2071,13,32,51,0,0,88,69,94,27,33,0,5,15,179,156,82,128,85,0,41,73,24,11,0,0,110,51,0,91,0,133,0,0,141,0,42,0,91,0,14,20,15,34,6,13,0,0,62,23,0,14,0,0,0,0,0,0,80,0,0,51,0,0,105,27,0,21,0,117
2072,108,0,0,120,108,0,0,18,0,0,124,7,0,132,115,0,132,0,117,89,61,99,0,102,46,87,0,64,0,0,133,125,0,131,116,0,0,0,85,10,84,123,0,75,123,0,0,0,0,117,117,0,91,14,0,45,0,57,0,0,39,0,71,67,0,116,54,117,33
2073,49,20,73,87,88,78,0,52,0,23,84,0,0,105,49,114,135,116,0,0,0,0,77,0,21,82,0,18,61,0,151,26,23,150,15,53,7,0,162,61,117,0,0,118,0,0,0,0,57,38,10,70,0,0,0,7,0,0,25,0,72,0,115,56,0,47,0,33,0
2074,21,0,0,0,0,0,0,0,0,27,0,16,0,184,5,0,4,1,0,0,0,41,0,0,4,58,0,0,53,0,169,73,0,172,69,0,0,0,135,0,116,6,0,23,0,0,72,103,0,0,0,0,0,0,0,0,0,103,15,0,60,0,0,50,0,108,86,0,0
2075,123,0,0,0,20,82,0,82,0,0,0,0,0,121,0,119,0,89,73,14,115,82,0,0,74,108,0,56,103,0,87,102,58,84,67,27,0,0,4,12,57,149,0,124,100,0,0,0,0,0,121,0,7,45,0,42,0,85,11,0,70,0,26,39,0,102,84,0,41
2076,72,0,103,0,0,4,0,21,0,0,0,127,0,0,84,0,106,0,0,12,54,101,77,0,4,39,0,2,58,19,125,130,147,135,126,138,0,0,0,0,125,116,0,123,106,0,0,0,85,0,129,55,0,13,6,0,0,121,0,57,0,0,3,0,0,126,0,41,2
2077,62,5,100,19,26,0,0,28,0,4,28,0,0,112,0,12,0,39,62,41,0,60,88,23,84,72,0,32,92,0,0,0,0,15,0,0,7,0,98,79,119,87,0,97,9,0,145,54,57,0,86,96,0,123,0,79,0,143,0,0,14,0,85,7,0,0,24,2,0
2078,135,25,32,0,0,28,0,31,0,20,0,0,0,134,140,70,101,67,0,0,0,22,44,0,133,37,0,120,36,0,78,103,0,44,82,0,33,0,116,0,108,123,0,115,118,0,0,0,0,0,0,32,0,0,0,0,0,4,87,0,12,0,89,30,0,19,0,0,0
2079,0,94,64,0,0,115,0,136,17,58,0,0,20,91,64,8,27,0,0,0,0,1,19,0,48,141,24,17,131,5,112,96,22,99,8,0,9,0,0,0,30,0,6,32,0,21,45,0,0,0,60,31,0,0,0,0,0,97,92,0,78,0,3,96,0,1,86,0,0
2080,0,83,7,0,0,76,0,90,0,58,0,0,0,163,0,19,0,0,0,41,0,18,0,0,74,106,0,82,88,0,132,88,0,123,82,0,0,0,92,0,0,0,15,27,0,90,108,0,0,0,91,0,0,43,0,0,0,112,46,0,82,0,30,75,0,106,39,0,72
2081,0,0,0,0,0,23,0,50,0,0,0,0,20,80,0,9,0,8,0,5,0,123,0,0,142,47,18,137,24,0,5,77,36,38,86,0,0,0,25,49,39,0,0,66,0,0,108,0,0,0,82,0,0,0,0,0,0,109,0,0,40,3,125,14,0,113,7,72,95
2082,28,0,24,0,0,79,0,73,7,0,0,0,4,130,109,0,60,20,0,18,0,0,48,0,104,114,86,122,90,18,115,37,0,125,25,0,0,0,0,0,36,70,0,7,16,0,23,0,47,0,0,124,0,0,0,0,0,36,0,0,115,0,17,83,0,80,0,95,0
2083,0,50,0,0,0,0,0,0,0,49,0,0,0,97,107,95,129,128,0,0,0,0,0,0,182,21,0,160,0,0,106,99,28,131,94,18,20,0,0,0,61,0,67,81,0,58,114,0,0,0,25,0,0,0,0,0,0,159,10,0,0,0,163,0,0,9,0,0,0
2084,2,8,55,0,0,77,0,133,0,0,0,0,0,8,0,0,13,0,0,0,0,0,0,0,71,104,0,111,61,0,139,0,0,172,0,0,0,0,10,26,0,54,0,0,0,0,18,0,0,18,12,0,0,0,0,0,0,38,0,0,15,0,64,59,0,35,0,0,0
2085,92,0,35,9,5,110,0,135,0,0,21,0,0,44,109,0,87,0,15,0,0,122,31,0,185,159,0,167,120,0,156,38,0,144,79,0,0,0,50,0,112,79,0,46,77,0,122,20,50,0,136,35,0,107,0,115,0,0,0,0,113,0,129,95,0,0,0,0,0
2086,0,0,0,0,4,129,0,121,0,0,16,25,0,0,50,0,32,0,35,45,0,82,0,0,115,118,0,49,117,0,184,16,8,160,34,26,0,0,27,0,122,0,0,130,0,0,152,0,0,0,113,0,0,89,0,83,0,0,0,0,118,0,69,124,0,82,0,0,27
2087,0,0,0,0,0,0,0,0,0,0,0,0,0,128,0,1,0,0,0,9,0,0,0,0,45,101,0,24,70,0,132,77,0,128,94,0,0,0,97,0,85,4,0,63,0,0,0,0,0,0,0,0,0,6,12,2,2,6,23,0,6,0,0,0,0,0,0,27,0
2088,0,0,22,0,0,49,0,54,0,0,0,39,0,113,94,0,109,0,0,137,31,0,3,0,37,130,0,83,91,0,3,0,0,16,0,0,53,0,14,0,25,0,0,43,0,0,29,0,0,0,0,1,0,0,0,0,0,136,30,0,52,0,38,78,0,74,35,0,0
2089,47,0,0,0,0,0,0,0,0,0,0,0,0,85,96,0,121,0,0,0,0,0,0,0,41,0,0,26,0,0,85,0,105,79,0,74,2,0,0,0,117,0,0,112,0,0,4,0,0,0,0,0,0,23,0,10,0,0,103,0,0,0,14,0,0,131,0,0,0
2090,0,0,89,59,48,4,78,5,80,0,49,0,81,63,11,6,26,0,82,88,0,17,93,28,176,6,79,178,12,84,106,57,0,105,48,0,0,0,11,0,80,5,0,109,17,0,141,0,68,0,12,83,0,128,0,125,0,28,115,0,0,52,152,4,72,25,0,0,21
2091,0,0,0,0,0,31,0,100,0,0,0,0,0,107,142,0,160,0,0,8,0,72,0,0,3,36,0,9,104,0,67,109,27,21,111,0,0,0,0,0,28,0,0,47,0,0,143,18,0,0,93,0,0,24,0,31,0,95,12,0,0,0,0,7,0,106,0,21,0
2092,0,0,82,0,0,12,0,14,0,0,0,0,0,138,132,0,115,0,0,4,0,30,34,0,32,56,24,54,53,16,46,26,30,20,50,31,0,0,9,47,115,0,0,109,0,0,100,0,36,0,87,35,0,99,0,88,0,132,33,0,12,0,12,11,0,11,13,0,0
2093,0,0,23,91,79,95,0,118,0,0,88,0,0,130,114,24,108,0,0,0,0,109,0,0,120,118,0,124,96,0,10,19,0,14,0,0,0,0,32,0,0,15,0,0,0,0,98,31,0,50,0,0,52,22,0,0,0,138,0,0,105,0,102,94,0,0,0,0,0
2094,100,0,0,0,0,89,0,122,0,0,0,0,0,90,0,0,0,0,0,66,0,55,0,0,191,64,0,187,33,0,97,12,49,172,9,52,0,0,8,0,0,95,0,0,84,0,0,65,0,0,0,0,0,0,0,0,0,60,0,0,90,0,129,24,0,72,0,0,0
2095,104,0,0,0,12,0,0,0,26,0,53,2,0,110,124,0,109,0,0,126,0,75,7,0,160,38,0,149,24,0,168,155,0,175,135,0,15,0,134,0,27,75,0,95,96,0,143,0,0,0,54,0,0,0,0,0,0,82,0,2,0,0,147,0,0,57,0,0,44
2096,127,0,0,0,0,0,0,0,0,0,0,0,0,0,0,0,54,1,0,0,0,0,0,0,28,0,0,14,0,0,149,55,0,116,80,3,15,0,26,0,76,115,0,89,123,0,19,0,0,0,0,0,0,0,0,0,0,75,105,0,0,0,0,0,0,63,0,44,0
2097,0,0,0,0,0,1,0,0,0,0,0,0,0,0,0,0,0,83,0,0,0,97,0,0,4,1,0,0,0,0,94,101,0,105,118,0,0,0,0,0,129,0,0,119,0,0,66,0,0,0,95,0,0,0,0,0,0,0,14,0,35,0,18,0,0,138,31,0,0
2098,11,0,11,0,0,132,0,123,0,0,0,0,0,27,159,0,145,0,0,0,0,42,0,0,79,130,0,77,142,0,0,124,11,11,125,31,0,0,131,0,104,118,0,86,86,0,89,0,0,0,98,9,0,0,0,0,0,3,67,0,92,0,74,128,0,70,0,0,0
